File Name,Extracted Name,Effective Year,Effective Month
BLACKROCK_2015_APRIL_US.pdf,BLACKROCK,2015,APRIL
"BLACKROCK ADVISORS, LLC_2012_JUNE_US.pdf","BLACKROCK ADVISORS, LLC",2012,JUNE
BLACKROCK FUNDS_2012_APRIL_US_1.pdf,BLACKROCK FUNDS,2012,APRIL
BLACKROCK FUNDS_2012_APRIL_US.pdf,BLACKROCK FUNDS,2012,APRIL
BLACKROCK FUNDS_2015_MAY_US_1.pdf,BLACKROCK FUNDS,2015,MAY
BLACKROCK FUNDS_2015_MAY_US_2.pdf,BLACKROCK FUNDS,2015,MAY
BLACKROCK FUNDS_2015_MAY_US.pdf,BLACKROCK FUNDS,2015,MAY
"BLACKROCK, INC._2000_DECEMBER_US_1.pdf","BLACKROCK, INC.",2000,DECEMBER
"BLACKROCK, INC._2000_DECEMBER_US_2.pdf","BLACKROCK, INC.",2000,DECEMBER
"BLACKROCK, INC._2000_DECEMBER_US.pdf","BLACKROCK, INC.",2000,DECEMBER
"BLACKROCK, INC._2013_MAY_US_1.pdf","BLACKROCK, INC.",2013,MAY
"BLACKROCK, INC._2013_MAY_US_2.pdf","BLACKROCK, INC.",2013,MAY
"BLACKROCK, INC._2013_MAY_US_3.pdf","BLACKROCK, INC.",2013,MAY
"BLACKROCK, INC._2013_MAY_US.pdf","BLACKROCK, INC.",2013,MAY
"BLACKROCK, INC._2014_JUNE_US.pdf","BLACKROCK, INC.",2014,JUNE
"BLACKROCK, INC._2014_OCTOBER_US_1.pdf","BLACKROCK, INC.",2014,OCTOBER
"BLACKROCK, INC._2014_OCTOBER_US.pdf","BLACKROCK, INC.",2014,OCTOBER
"BLACKROCK, INC._2015_DECEMBER_US.pdf","BLACKROCK, INC.",2015,DECEMBER
"BLACKROCK, INC._NILL_MAY_US_1.pdf","BLACKROCK, INC.",NILL,MAY
"BLACKROCK, INC._NILL_MAY_US.pdf","BLACKROCK, INC.",NILL,MAY
SSGA FUNDS_2013_APRIL_US.pdf,SSGA FUNDS,2013,APRIL
"BLACKROCK, INC._NILL_NILL_US_1.pdf","BLACKROCK, INC.",NILL,NILL
"BLACKROCK, INC._NILL_NILL_US_2.pdf","BLACKROCK, INC.",NILL,NILL
"BLACKROCK, INC._NILL_NILL_US_3.pdf","BLACKROCK, INC.",NILL,NILL
"BLACKROCK, INC._NILL_NILL_US_4.pdf","BLACKROCK, INC.",NILL,NILL
"BLACKROCK, INC._NILL_NILL_US.pdf","BLACKROCK, INC.",NILL,NILL
"BLACKROCK INSTITUTIONAL TRUST COMPANY, N.A._2012_SEPTEMBER_US.pdf","BLACKROCK INSTITUTIONAL TRUST COMPANY, N.A.",2012,SEPTEMBER
BLACKROCK OPEN END FUNDS_NILL_OCTOBER_US_1.pdf,BLACKROCK OPEN END FUNDS,NILL,OCTOBER
BLACKROCK OPEN END FUNDS_NILL_OCTOBER_US.pdf,BLACKROCK OPEN END FUNDS,NILL,OCTOBER
SSGA COMMINGLED FUNDS_2008_JULY_US.pdf,SSGA COMMINGLED FUNDS,2008,JULY
SSGA FUNDS_2010_SEPTEMBER_US.pdf,SSGA FUNDS,2010,SEPTEMBER
SSGA FUNDS_2013_APRIL_US_1.pdf,SSGA FUNDS,2013,APRIL
SSGA FUNDS_2015_JUNE_US.pdf,SSGA FUNDS,2015,JUNE
SSGA FUNDS_2017_JUNE_US.pdf,SSGA FUNDS,2017,JUNE
"SSGA FUNDS MANAGEMENT, INC._2002_MARCH_US.pdf","SSGA FUNDS MANAGEMENT, INC.",2002,MARCH
"SSGA FUNDS MANAGEMENT, INC._2015_JUNE_US_1.pdf","SSGA FUNDS MANAGEMENT, INC.",2015,JUNE
"SSGA FUNDS MANAGEMENT, INC._2015_JUNE_US_2.pdf","SSGA FUNDS MANAGEMENT, INC.",2015,JUNE
"SSGA FUNDS MANAGEMENT, INC._2015_JUNE_US.pdf","SSGA FUNDS MANAGEMENT, INC.",2015,JUNE
"SSGA FUNDS MANAGEMENT, INC._2017_JUNE_US.pdf","SSGA FUNDS MANAGEMENT, INC.",2017,JUNE
SSGA FUNDS_NILL_JANUARY_US.pdf,SSGA FUNDS,NILL,JANUARY
SSGA FUNDS_NILL_NILL_US.pdf,SSGA FUNDS,NILL,NILL
SSGA LIFE SOLUTIONS FUNDS _NILL_NILL_US.pdf,SSGA LIFE SOLUTIONS FUNDS ,NILL,NILL
SSGA MASTER TRUST_2012_APRIL_US_1.pdf,SSGA MASTER TRUST,2012,APRIL
SSGA MASTER TRUST_2012_APRIL_US_2.pdf,SSGA MASTER TRUST,2012,APRIL
SSGA MASTER TRUST_2012_APRIL_US.pdf,SSGA MASTER TRUST,2012,APRIL
SSGA MASTER TRUST_2013_OCTOBER_US_1.pdf,SSGA MASTER TRUST,2013,OCTOBER
SSGA MASTER TRUST_2013_OCTOBER_US.pdf,SSGA MASTER TRUST,2013,OCTOBER
SSGA MASTER TRUST_2017_JULY_US.pdf,SSGA MASTER TRUST,2017,JULY
SSGA STREETTRACKS SERIES TRUST_NILL_NILL_US.pdf,SSGA STREETTRACKS SERIES TRUST,NILL,NILL
STATE FARM MUTUAL FUND TRUST_2015_OCTOBER_US.pdf,STATE FARM MUTUAL FUND TRUST,2015,OCTOBER
STATE FARM MUTUAL FUND TRUST_NILL_NILL_US.pdf,STATE FARM MUTUAL FUND TRUST,NILL,NILL
STATE FARM_NILL_MAY_US.pdf,STATE FARM,NILL,MAY
STATE OF MONTANA PUBLIC EMPLOYEES RETIREMENT BOARD_2010_MARCH_US_1.pdf,STATE OF MONTANA PUBLIC EMPLOYEES RETIREMENT BOARD,2010,MARCH
STATE OF MONTANA PUBLIC EMPLOYEES RETIREMENT BOARD_2010_MARCH_US_2.pdf,STATE OF MONTANA PUBLIC EMPLOYEES RETIREMENT BOARD,2010,MARCH
STATE OF MONTANA PUBLIC EMPLOYEES RETIREMENT BOARD_2010_MARCH_US.pdf,STATE OF MONTANA PUBLIC EMPLOYEES RETIREMENT BOARD,2010,MARCH
STATE OF OREGON INTERMEDIATE TERM FUND_2016_JULY_US.pdf,STATE OF OREGON INTERMEDIATE TERM FUND,2016,JULY
STATE STREET _NILL_NILL_US.pdf,STATE STREET ,NILL,NILL
STATE STREET BANK AND TRUST COMPANY INVESTMENT FUNDS_2011_DECEMBER_US.pdf,STATE STREET BANK AND TRUST COMPANY INVESTMENT FUNDS,2011,DECEMBER
STATE STREET FUND INSIGHTS_NILL_NILL_US_1.pdf,STATE STREET FUND INSIGHTS,NILL,NILL
STATE STREET FUND INSIGHTS_NILL_NILL_US.pdf,STATE STREET FUND INSIGHTS,NILL,NILL
STATE STREET GLOBAL ADVISORS_NILL_NILL_US.pdf,STATE STREET GLOBAL ADVISORS,NILL,NILL
STATE STREET INSTITUTIONAL INVESTMENT_2014_APRIL_US.pdf,STATE STREET INSTITUTIONAL INVESTMENT,2014,APRIL
STATE STREET MASTER FUNDS_2014_APRIL_US.pdf,STATE STREET MASTER FUNDS,2014,APRIL
STATE STREET NAVIGATOR SECURITIES LENDING TRUST_2001_JULY_US.pdf,STATE STREET NAVIGATOR SECURITIES LENDING TRUST,2001,JULY
STATE STREET NAVIGATOR SECURITIES LENDING TRUST_2002_MARCH_US.pdf,STATE STREET NAVIGATOR SECURITIES LENDING TRUST,2002,MARCH
STATE STREET NAVIGATOR SECURITIES LENDING TRUST_NILL_NILL_US.pdf,STATE STREET NAVIGATOR SECURITIES LENDING TRUST,NILL,NILL
PIMCO_2013_JANUARY_US_1.pdf,PIMCO,2013,JANUARY
PIMCO_2013_JANUARY_US_2.pdf,PIMCO,2013,JANUARY
PIMCO_2013_JANUARY_US_3.pdf,PIMCO,2013,JANUARY
PIMCO_2013_JANUARY_US.pdf,PIMCO,2013,JANUARY
PIMCO_2014_JANUARY_US_1.pdf,PIMCO,2014,JANUARY
PIMCO_2014_JANUARY_US_2.pdf,PIMCO,2014,JANUARY
PIMCO_2014_JANUARY_US.pdf,PIMCO,2014,JANUARY
PIMCO CALIFORNIA MUNICIPAL INCOME FUND_NILL_NILL_US_1.pdf,PIMCO CALIFORNIA MUNICIPAL INCOME FUND,NILL,NILL
PIMCO CALIFORNIA MUNICIPAL INCOME FUND_NILL_NILL_US_2.pdf,PIMCO CALIFORNIA MUNICIPAL INCOME FUND,NILL,NILL
PIMCO CALIFORNIA MUNICIPAL INCOME FUND_NILL_NILL_US.pdf,PIMCO CALIFORNIA MUNICIPAL INCOME FUND,NILL,NILL
PIMCO CANADA CORP._NILL_DECEMBER_US.pdf,PIMCO CANADA CORP.,NILL,DECEMBER
PIMCO CANADA CORPORATION_NILL_NILL_US.pdf,PIMCO CANADA CORPORATION,NILL,NILL
PIMCO CORPORATE INCOME FUND_NILL_NILL_US_1.pdf,PIMCO CORPORATE INCOME FUND,NILL,NILL
PIMCO CORPORATE INCOME FUND_NILL_NILL_US_2.pdf,PIMCO CORPORATE INCOME FUND,NILL,NILL
PIMCO CORPORATE INCOME FUND_NILL_NILL_US.pdf,PIMCO CORPORATE INCOME FUND,NILL,NILL
PIMCO ETF TRUST_NILL_NILL_US.pdf,PIMCO ETF TRUST,NILL,NILL
PIMCO FLOATING RATE STRATEGY FUND_NILL_NILL_US.pdf,PIMCO FLOATING RATE STRATEGY FUND,NILL,NILL
PIMCO FUNDS_NILL_NILL_US.pdf,PIMCO FUNDS,NILL,NILL
PIMCO GLOBAL STOCKSPLUS_NILL_NILL_US.pdf,PIMCO GLOBAL STOCKSPLUS,NILL,NILL
PIMCO HIGH INCOME FUND_NILL_NILL_US.pdf,PIMCO HIGH INCOME FUND,NILL,NILL
PIMCO INCOME OPPORTUNITY FUND_NILL_NILL_US_1.pdf,PIMCO INCOME OPPORTUNITY FUND,NILL,NILL
PIMCO INCOME OPPORTUNITY FUND_NILL_NILL_US.pdf,PIMCO INCOME OPPORTUNITY FUND,NILL,NILL
PIMCO LUXEMBOURG III S.A._2008_AUGUST_US.pdf,PIMCO LUXEMBOURG III S.A.,2008,AUGUST
PIMCO LUXEMBOURG III S.A._NILL_NILL_US.pdf,PIMCO LUXEMBOURG III S.A.,NILL,NILL
PIMCO MUNICIPAL INCOME FUND III_NILL_NILL_US.pdf,PIMCO MUNICIPAL INCOME FUND III,NILL,NILL
PIMCO MUNICIPAL INCOME FUND II_NILL_NILL_US_1.pdf,PIMCO MUNICIPAL INCOME FUND II,NILL,NILL
PIMCO MUNICIPAL INCOME FUND II_NILL_NILL_US.pdf,PIMCO MUNICIPAL INCOME FUND II,NILL,NILL
PIMCO NEW YORK MUNICIPAL INCOME FUND III_NILL_NILL_US.pdf,PIMCO NEW YORK MUNICIPAL INCOME FUND III,NILL,NILL
PIMCO NEW YORK MUNICIPAL INCOME FUND II_NILL_NILL_US.pdf,PIMCO NEW YORK MUNICIPAL INCOME FUND II,NILL,NILL
PIMCO NEW YORK MUNICIPAL INCOME FUND_NILL_NILL_US.pdf,PIMCO NEW YORK MUNICIPAL INCOME FUND,NILL,NILL
PIMCO_NILL_NILL_US_1.pdf,PIMCO,NILL,NILL
PIMCO_NILL_NILL_US_2.pdf,PIMCO,NILL,NILL
PIMCO_NILL_NILL_US.pdf,PIMCO,NILL,NILL
PIMCO VARIABLE INSURANCE TRUST_2009_JULY_US_1.pdf,PIMCO VARIABLE INSURANCE TRUST,2009,JULY
PIMCO VARIABLE INSURANCE TRUST_2009_JULY_US.pdf,PIMCO VARIABLE INSURANCE TRUST,2009,JULY
PIMCO VARIABLE INSURANCE TRUST_NILL_NILL_US_1.pdf,PIMCO VARIABLE INSURANCE TRUST,NILL,NILL
PIMCO VARIABLE INSURANCE TRUST_NILL_NILL_US.pdf,PIMCO VARIABLE INSURANCE TRUST,NILL,NILL
ALLIANCE BERNSTEIN _2012_OCTOBER_US.pdf,ALLIANCE BERNSTEIN ,2012,OCTOBER
ALLIANCE BERNSTEIN FUNDS_2010_APRIL_US.pdf,ALLIANCE BERNSTEIN FUNDS,2010,APRIL
ALLIANCEBERNSTEIN _2011_DECEMBER_US.pdf,ALLIANCEBERNSTEIN ,2011,DECEMBER
"ALLIANCEBERNSTEIN CAP FUND, INC._NILL_NILL_US.pdf","ALLIANCEBERNSTEIN CAP FUND, INC.",NILL,NILL
ALLIANCEBERNSTEIN FUNDS_2011_AUGUST_US_1.pdf,ALLIANCEBERNSTEIN FUNDS,2011,AUGUST
ALLIANCEBERNSTEIN FUNDS_2011_AUGUST_US_2.pdf,ALLIANCEBERNSTEIN FUNDS,2011,AUGUST
ALLIANCEBERNSTEIN FUNDS_2011_AUGUST_US.pdf,ALLIANCEBERNSTEIN FUNDS,2011,AUGUST
ALLIANCEBERNSTEIN FUNDS_2015_SEPTEMBER_US_1.pdf,ALLIANCEBERNSTEIN FUNDS,2015,SEPTEMBER
ALLIANCEBERNSTEIN FUNDS_2015_SEPTEMBER_US.pdf,ALLIANCEBERNSTEIN FUNDS,2015,SEPTEMBER
"ALLIANCEBERNSTEIN INVESTOR SERVICES, INC._NILL_NILL_US.pdf","ALLIANCEBERNSTEIN INVESTOR SERVICES, INC.",NILL,NILL
ALLIANCEBERNSTEIN MULTI -MANAGER_NILL_NILL_US.pdf,ALLIANCEBERNSTEIN MULTI -MANAGER,NILL,NILL
ALLIANCEBERNSTEIN_NILL_NILL_US_1.pdf,ALLIANCEBERNSTEIN,NILL,NILL
ALLIANCEBERNSTEIN_NILL_NILL_US.pdf,ALLIANCEBERNSTEIN,NILL,NILL
ALLIANCEBERNSTEIN SUB-ADVISED ALTERNATIVE INVESTMENT FUNDS_2014_AUGUST_US_1.pdf,ALLIANCEBERNSTEIN SUB-ADVISED ALTERNATIVE INVESTMENT FUNDS,2014,AUGUST
ALLIANCEBERNSTEIN SUB-ADVISED ALTERNATIVE INVESTMENT FUNDS_2014_AUGUST_US_2.pdf,ALLIANCEBERNSTEIN SUB-ADVISED ALTERNATIVE INVESTMENT FUNDS,2014,AUGUST
ALLIANCEBERNSTEIN SUB-ADVISED ALTERNATIVE INVESTMENT FUNDS_2014_AUGUST_US_3.pdf,ALLIANCEBERNSTEIN SUB-ADVISED ALTERNATIVE INVESTMENT FUNDS,2014,AUGUST
ALLIANCEBERNSTEIN SUB-ADVISED ALTERNATIVE INVESTMENT FUNDS_2014_AUGUST_US_4.pdf,ALLIANCEBERNSTEIN SUB-ADVISED ALTERNATIVE INVESTMENT FUNDS,2014,AUGUST
ALLIANCEBERNSTEIN SUB-ADVISED ALTERNATIVE INVESTMENT FUNDS_2014_AUGUST_US_5.pdf,ALLIANCEBERNSTEIN SUB-ADVISED ALTERNATIVE INVESTMENT FUNDS,2014,AUGUST
GOLDMAN SACHS _2017_AUGUST_US.pdf,GOLDMAN SACHS ,2017,AUGUST
ALLIANCEBERNSTEIN SUB-ADVISED ALTERNATIVE INVESTMENT FUNDS_2014_AUGUST_US_6.pdf,ALLIANCEBERNSTEIN SUB-ADVISED ALTERNATIVE INVESTMENT FUNDS,2014,AUGUST
ALLIANCEBERNSTEIN SUB-ADVISED ALTERNATIVE INVESTMENT FUNDS_2014_AUGUST_US.pdf,ALLIANCEBERNSTEIN SUB-ADVISED ALTERNATIVE INVESTMENT FUNDS,2014,AUGUST
AXA INVESTMENT MANAGERS INC._2015_JANUARY_US.pdf,AXA INVESTMENT MANAGERS INC.,2015,JANUARY
AXA INVESTMENT MANAGERS INC._NILL_NILL_US.pdf,AXA INVESTMENT MANAGERS INC.,NILL,NILL
AXA PRIVATE EQUITY_NILL_DECEMBER_US.pdf,AXA PRIVATE EQUITY,NILL,DECEMBER
AXA PRIVATE EQUITY_NILL_SEPTEMBER_US.pdf,AXA PRIVATE EQUITY,NILL,SEPTEMBER
BANCO SANTANDER PUERTO RICO_2005_JANUARY_US.pdf,BANCO SANTANDER PUERTO RICO,2005,JANUARY
"GOLDMAN SACHS ASSET MANAGEMENT, L.P_NILL_NILL_US.pdf","GOLDMAN SACHS ASSET MANAGEMENT, L.P",NILL,NILL
"GOLDMAN SACHS ASSET MANAGEMENT, LP_NILL_NILL_US.pdf","GOLDMAN SACHS ASSET MANAGEMENT, LP",NILL,NILL
GOLDMAN SACHS ASSET MANAGEMENT_NILL_NILL_US.pdf,GOLDMAN SACHS ASSET MANAGEMENT,NILL,NILL
"GOLDMAN SACHS ASSET MANAGEMENT STABLE VALUE FUNDS, LLC_2014_SEPTEMBER_US.pdf","GOLDMAN SACHS ASSET MANAGEMENT STABLE VALUE FUNDS, LLC",2014,SEPTEMBER
GOLDMAN SACHS COLLECTIVE TRUST FUNDS_2014_SEPTEMBER_US.pdf,GOLDMAN SACHS COLLECTIVE TRUST FUNDS,2014,SEPTEMBER
GOLDMAN SACHS_NILL_NILL_US.pdf,GOLDMAN SACHS,NILL,NILL
GOLDMAN SACHS PRIVATE MIDDLE MARKET CREDIT LLC_NILL_NILL_US.pdf,GOLDMAN SACHS PRIVATE MIDDLE MARKET CREDIT LLC,NILL,NILL
MFS_NILL_NILL_US.pdf,MFS,NILL,NILL
GOLDMAN SACHS TRUST_2009_APRIL_US.pdf,GOLDMAN SACHS TRUST,2009,APRIL
GOLDMAN SACHS TRUST_2014_SEPTEMBER_US.pdf,GOLDMAN SACHS TRUST,2014,SEPTEMBER
GOLDMAN SACHS TRUST II_2013_APRIL_US.pdf,GOLDMAN SACHS TRUST II,2013,APRIL
GOLDMAN SACHS TRUST II_2015_JANUARY_US.pdf,GOLDMAN SACHS TRUST II,2015,JANUARY
DEUTSCHE ASSET MANAGEMENT_2008_APRIL_US_1.pdf,DEUTSCHE ASSET MANAGEMENT,2008,APRIL
DEUTSCHE ASSET MANAGEMENT_2008_APRIL_US_2.pdf,DEUTSCHE ASSET MANAGEMENT,2008,APRIL
DEUTSCHE ASSET MANAGEMENT_2008_APRIL_US.pdf,DEUTSCHE ASSET MANAGEMENT,2008,APRIL
DEUTSCHE ASSET MANAGEMENT_2009_FEBRUARY_US.pdf,DEUTSCHE ASSET MANAGEMENT,2009,FEBRUARY
DEUTSCHE BANK AG_2007_AUGUST_US.pdf,DEUTSCHE BANK AG,2007,AUGUST
"DEUTSCHE BANK AG, FRANKFURT_2013_JUNE_US.pdf","DEUTSCHE BANK AG, FRANKFURT",2013,JUNE
"DEUTSCHE BANK AG, FRANKFURT_NILL_NILL_US.pdf","DEUTSCHE BANK AG, FRANKFURT",NILL,NILL
DEUTSCHE BANK AG_NILL_NILL_US.pdf,DEUTSCHE BANK AG,NILL,NILL
DEUTSCHE BANK BARCELONA_NILL_NILL_US.pdf,DEUTSCHE BANK BARCELONA,NILL,NILL
DEUTSCHE BANK BRANCH MONEY MARKET DESK_NILL_NILL_US.pdf,DEUTSCHE BANK BRANCH MONEY MARKET DESK,NILL,NILL
DEUTSCHE BANK_NILL_NILL_US_1.pdf,DEUTSCHE BANK,NILL,NILL
DEUTSCHE BANK_NILL_NILL_US.pdf,DEUTSCHE BANK,NILL,NILL
DEUTSCHE BANK PRIVATE EQUITY_NILL_NILL_US_1.pdf,DEUTSCHE BANK PRIVATE EQUITY,NILL,NILL
DEUTSCHE BANK TRUST COMPANY_NILL_NILL_US.pdf,DEUTSCHE BANK TRUST COMPANY,NILL,NILL
DEUTSCHE BANK PRIVATE EQUITY_NILL_NILL_US.pdf,DEUTSCHE BANK PRIVATE EQUITY,NILL,NILL
DEUTSCHE BANK PRIVATE EQUITY SELECT TRUST I_2004_JULY_US_1.pdf,DEUTSCHE BANK PRIVATE EQUITY SELECT TRUST I,2004,JULY
DEUTSCHE BANK PRIVATE EQUITY SELECT TRUST I_2004_JULY_US_2.pdf,DEUTSCHE BANK PRIVATE EQUITY SELECT TRUST I,2004,JULY
DEUTSCHE BANK PRIVATE EQUITY SELECT TRUST I_2004_JULY_US.pdf,DEUTSCHE BANK PRIVATE EQUITY SELECT TRUST I,2004,JULY
"DEUTSCHE BANK SECURITIES, INC._1998_JUNE_US.pdf","DEUTSCHE BANK SECURITIES, INC.",1998,JUNE
"DEUTSCHE BANK SECURITIES, INC._2006_MARCH_US_1.pdf","DEUTSCHE BANK SECURITIES, INC.",2006,MARCH
"DEUTSCHE BANK SECURITIES, INC._2006_MARCH_US.pdf","DEUTSCHE BANK SECURITIES, INC.",2006,MARCH
"DEUTSCHE BANK SECURITIES, INC._NILL_JULY_US.pdf","DEUTSCHE BANK SECURITIES, INC.",NILL,JULY
DEUTSCHE FUNDS_2015_OCTOBER_US.pdf,DEUTSCHE FUNDS,2015,OCTOBER
DEUTSCHE INVESTMENT MANAGEMENT AMERICAS INC._2015_DECEMBER_US_1.pdf,DEUTSCHE INVESTMENT MANAGEMENT AMERICAS INC.,2015,DECEMBER
DEUTSCHE INVESTMENT MANAGEMENT AMERICAS INC._2015_DECEMBER_US.pdf,DEUTSCHE INVESTMENT MANAGEMENT AMERICAS INC.,2015,DECEMBER
"DEUTSCHE INVESTMENT MANAGEMENT AMERICAS, INC._NILL_NILL_US_1.pdf","DEUTSCHE INVESTMENT MANAGEMENT AMERICAS, INC.",NILL,NILL
"DEUTSCHE INVESTMENT MANAGEMENT AMERICAS, INC._NILL_NILL_US.pdf","DEUTSCHE INVESTMENT MANAGEMENT AMERICAS, INC.",NILL,NILL
RREEF PROPERTY TRUST_2013_JANUARY_US.pdf,RREEF PROPERTY TRUST,2013,JANUARY
MASSMUTUAL_1999_MAY_US.pdf,MASSMUTUAL,1999,MAY
STICHTING PENSIOENFONDS ABP_2013_JANUARY_US_1.pdf,STICHTING PENSIOENFONDS ABP,2013,JANUARY
STICHTING PENSIOENFONDS ABP_2013_JANUARY_US.pdf,STICHTING PENSIOENFONDS ABP,2013,JANUARY
ALLIANZ FUNDS MULTI-STRATEGY TRUST_NILL_NILL_US_1.pdf,ALLIANZ FUNDS MULTI-STRATEGY TRUST,NILL,NILL
ALLIANZ FUNDS MULTI-STRATEGY TRUST_NILL_NILL_US.pdf,ALLIANZ FUNDS MULTI-STRATEGY TRUST,NILL,NILL
ALLIANZGI INSTITUTIONAL MULTI-SERIES TRUST_2014_JUNE_US.pdf,ALLIANZGI INSTITUTIONAL MULTI-SERIES TRUST,2014,JUNE
ALLIANZ GLOBAL INVESTORS DISTRIBUTORS LLC_NILL_NILL_US_1.pdf,ALLIANZ GLOBAL INVESTORS DISTRIBUTORS LLC,NILL,NILL
"ALLIANZ GLOBAL INVESTORS DISTRIBUTORS, LLC_NILL_NILL_US_1.pdf","ALLIANZ GLOBAL INVESTORS DISTRIBUTORS, LLC",NILL,NILL
"ALLIANZ GLOBAL INVESTORS DISTRIBUTORS, LLC_NILL_NILL_US_2.pdf","ALLIANZ GLOBAL INVESTORS DISTRIBUTORS, LLC",NILL,NILL
"ALLIANZ GLOBAL INVESTORS DISTRIBUTORS, LLC_NILL_NILL_US_3.pdf","ALLIANZ GLOBAL INVESTORS DISTRIBUTORS, LLC",NILL,NILL
"ALLIANZ GLOBAL INVESTORS DISTRIBUTORS, LLC_NILL_NILL_US_4.pdf","ALLIANZ GLOBAL INVESTORS DISTRIBUTORS, LLC",NILL,NILL
"ALLIANZ GLOBAL INVESTORS DISTRIBUTORS, LLC_NILL_NILL_US_5.pdf","ALLIANZ GLOBAL INVESTORS DISTRIBUTORS, LLC",NILL,NILL
"ALLIANZ GLOBAL INVESTORS DISTRIBUTORS, LLC_NILL_NILL_US_6.pdf","ALLIANZ GLOBAL INVESTORS DISTRIBUTORS, LLC",NILL,NILL
"ALLIANZ GLOBAL INVESTORS DISTRIBUTORS, LLC_NILL_NILL_US_7.pdf","ALLIANZ GLOBAL INVESTORS DISTRIBUTORS, LLC",NILL,NILL
MORGAN CREEK SERIES TRUST_NILL_NILL_US_1.pdf,MORGAN CREEK SERIES TRUST,NILL,NILL
"ALLIANZ GLOBAL INVESTORS DISTRIBUTORS, LLC_NILL_NILL_US_8.pdf","ALLIANZ GLOBAL INVESTORS DISTRIBUTORS, LLC",NILL,NILL
ALLIANZ GLOBAL INVESTORS DISTRIBUTORS LLC_NILL_NILL_US.pdf,ALLIANZ GLOBAL INVESTORS DISTRIBUTORS LLC,NILL,NILL
"ALLIANZ GLOBAL INVESTORS DISTRIBUTORS, LLC_NILL_NILL_US.pdf","ALLIANZ GLOBAL INVESTORS DISTRIBUTORS, LLC",NILL,NILL
ALLIANZ GLOBAL INVESTORS FUND MANAGEMENT LLC_NILL_NILL_US_1.pdf,ALLIANZ GLOBAL INVESTORS FUND MANAGEMENT LLC,NILL,NILL
ALLIANZ GLOBAL INVESTORS FUND MANAGEMENT LLC_NILL_NILL_US_2.pdf,ALLIANZ GLOBAL INVESTORS FUND MANAGEMENT LLC,NILL,NILL
ALLIANZ GLOBAL INVESTORS FUND MANAGEMENT LLC_NILL_NILL_US_3.pdf,ALLIANZ GLOBAL INVESTORS FUND MANAGEMENT LLC,NILL,NILL
ALLIANZ GLOBAL INVESTORS FUND MANAGEMENT LLC_NILL_NILL_US_4.pdf,ALLIANZ GLOBAL INVESTORS FUND MANAGEMENT LLC,NILL,NILL
ALLIANZ GLOBAL INVESTORS FUND MANAGEMENT LLC_NILL_NILL_US_5.pdf,ALLIANZ GLOBAL INVESTORS FUND MANAGEMENT LLC,NILL,NILL
ALLIANZ GLOBAL INVESTORS FUND MANAGEMENT LLC_NILL_NILL_US_6.pdf,ALLIANZ GLOBAL INVESTORS FUND MANAGEMENT LLC,NILL,NILL
ALLIANZ GLOBAL INVESTORS FUND MANAGEMENT LLC_NILL_NILL_US_7.pdf,ALLIANZ GLOBAL INVESTORS FUND MANAGEMENT LLC,NILL,NILL
ALLIANZ GLOBAL INVESTORS FUND MANAGEMENT LLC_NILL_NILL_US.pdf,ALLIANZ GLOBAL INVESTORS FUND MANAGEMENT LLC,NILL,NILL
ALLIANZ GLOBAL INVESTORS MANAGED ACCOUNTS TRUST_NILL_NILL_US_1.pdf,ALLIANZ GLOBAL INVESTORS MANAGED ACCOUNTS TRUST,NILL,NILL
ALLIANZ MULTI-STRATEGY TRUST_NILL_NILL_US.pdf,ALLIANZ MULTI-STRATEGY TRUST,NILL,NILL
ALLIANZ GLOBAL INVESTORS MANAGED ACCOUNTS TRUST_NILL_NILL_US_2.pdf,ALLIANZ GLOBAL INVESTORS MANAGED ACCOUNTS TRUST,NILL,NILL
ALLIANZ GLOBAL INVESTORS MANAGED ACCOUNTS TRUST_NILL_NILL_US_3.pdf,ALLIANZ GLOBAL INVESTORS MANAGED ACCOUNTS TRUST,NILL,NILL
ALLIANZ GLOBAL INVESTORS MANAGED ACCOUNTS TRUST_NILL_NILL_US_4.pdf,ALLIANZ GLOBAL INVESTORS MANAGED ACCOUNTS TRUST,NILL,NILL
ALLIANZ GLOBAL INVESTORS MANAGED ACCOUNTS TRUST_NILL_NILL_US_5.pdf,ALLIANZ GLOBAL INVESTORS MANAGED ACCOUNTS TRUST,NILL,NILL
ALLIANZ GLOBAL INVESTORS MANAGED ACCOUNTS TRUST_NILL_NILL_US_6.pdf,ALLIANZ GLOBAL INVESTORS MANAGED ACCOUNTS TRUST,NILL,NILL
ALLIANZ GLOBAL INVESTORS MANAGED ACCOUNTS TRUST_NILL_NILL_US.pdf,ALLIANZ GLOBAL INVESTORS MANAGED ACCOUNTS TRUST,NILL,NILL
ALLIANZ GLOBAL INVESTORS OF AMERICA LP_NILL_NILL_US_1.pdf,ALLIANZ GLOBAL INVESTORS OF AMERICA LP,NILL,NILL
ALLIANZ GLOBAL INVESTORS OF AMERICA LP_NILL_NILL_US_2.pdf,ALLIANZ GLOBAL INVESTORS OF AMERICA LP,NILL,NILL
ALLIANZ GLOBAL INVESTORS OF AMERICA LP_NILL_NILL_US.pdf,ALLIANZ GLOBAL INVESTORS OF AMERICA LP,NILL,NILL
MORGAN CREEK SERIES TRUST_NILL_NILL_US.pdf,MORGAN CREEK SERIES TRUST,NILL,NILL
MORGAN STANLEY_2012_SEPTEMBER_US.pdf,MORGAN STANLEY,2012,SEPTEMBER
MORGAN STANLEY _2013_APRIL_US.pdf,MORGAN STANLEY ,2013,APRIL
MORGAN STANLEY_2013_APRIL_US.pdf,MORGAN STANLEY,2013,APRIL
MORGAN STANLEY ADVISOR FUNDS_2016_APRIL_US_1.pdf,MORGAN STANLEY ADVISOR FUNDS,2016,APRIL
MERCER FUNDS_2011_OCTOBER_US.pdf,MERCER FUNDS,2011,OCTOBER
MORGAN STANLEY ADVISOR FUNDS_2016_APRIL_US.pdf,MORGAN STANLEY ADVISOR FUNDS,2016,APRIL
MORGAN STANLEY ADVISOR FUNDS_NILL_NILL_US.pdf,MORGAN STANLEY ADVISOR FUNDS,NILL,NILL
MORGAN STANLEY INVESTMENT MANAGEMENT INC._2015_JULY_US.pdf,MORGAN STANLEY INVESTMENT MANAGEMENT INC.,2015,JULY
MORGAN STANLEY INVESTMENT MANAGEMENT INC._NILL_NILL_US_1.pdf,MORGAN STANLEY INVESTMENT MANAGEMENT INC.,NILL,NILL
MORGAN STANLEY INVESTMENT MANAGEMENT INC._NILL_NILL_US_2.pdf,MORGAN STANLEY INVESTMENT MANAGEMENT INC.,NILL,NILL
MORGAN STANLEY INVESTMENT MANAGEMENT INC._NILL_NILL_US_3.pdf,MORGAN STANLEY INVESTMENT MANAGEMENT INC.,NILL,NILL
MORGAN STANLEY INVESTMENT MANAGEMENT INC._NILL_NILL_US_4.pdf,MORGAN STANLEY INVESTMENT MANAGEMENT INC.,NILL,NILL
MORGAN STANLEY INVESTMENT MANAGEMENT INC._NILL_NILL_US.pdf,MORGAN STANLEY INVESTMENT MANAGEMENT INC.,NILL,NILL
MORGAN STANLEY MANAGEMENT INC._NILL_NILL_US.pdf,MORGAN STANLEY MANAGEMENT INC.,NILL,NILL
MORGAN STANLEY REAL ESTATE SPECIAL SITUATIONS FUNDS_2014_AUGUST_US.pdf,MORGAN STANLEY REAL ESTATE SPECIAL SITUATIONS FUNDS,2014,AUGUST
RUSSELL EXCHANGE TRADED FUNDS TRUST_2011_APRIL_US_1.pdf,RUSSELL EXCHANGE TRADED FUNDS TRUST,2011,APRIL
RUSSELL EXCHANGE TRADED FUNDS TRUST_2011_APRIL_US.pdf,RUSSELL EXCHANGE TRADED FUNDS TRUST,2011,APRIL
RUSSELL FUND SERVICES COMPANY_2013_MARCH_US.pdf,RUSSELL FUND SERVICES COMPANY,2013,MARCH
RUSSELL FUND SERVICES COMPANY_2015_OCTOBER_US.pdf,RUSSELL FUND SERVICES COMPANY,2015,OCTOBER
"RUSSELL INSTITUTIONAL FUNDS, LLC_NILL_NILL_US.pdf","RUSSELL INSTITUTIONAL FUNDS, LLC",NILL,NILL
RUSSELL INVESTMENT COMPANY_2009_JANUARY_US.pdf,RUSSELL INVESTMENT COMPANY,2009,JANUARY
RUSSELL INVESTMENT COMPANY_2011_JANUARY_US_1.pdf,RUSSELL INVESTMENT COMPANY,2011,JANUARY
RUSSELL INVESTMENT COMPANY_2011_JANUARY_US_2.pdf,RUSSELL INVESTMENT COMPANY,2011,JANUARY
RUSSELL INVESTMENT COMPANY_2011_JANUARY_US_3.pdf,RUSSELL INVESTMENT COMPANY,2011,JANUARY
RUSSELL INVESTMENT COMPANY_2011_JANUARY_US.pdf,RUSSELL INVESTMENT COMPANY,2011,JANUARY
RUSSELL INVESTMENT COMPANY_2013_FEBRUARY_US.pdf,RUSSELL INVESTMENT COMPANY,2013,FEBRUARY
RUSSELL INVESTMENT COMPANY_2013_JANUARY_US.pdf,RUSSELL INVESTMENT COMPANY,2013,JANUARY
RUSSELL INVESTMENT COMPANY_2014_MAY_US_1.pdf,RUSSELL INVESTMENT COMPANY,2014,MAY
RUSSELL INVESTMENT COMPANY_2014_MAY_US.pdf,RUSSELL INVESTMENT COMPANY,2014,MAY
RUSSELL INVESTMENT FUNDS_2009_JANUARY_US.pdf,RUSSELL INVESTMENT FUNDS,2009,JANUARY
RUSSELL INVESTMENT FUNDS_2011_JANUARY_US_1.pdf,RUSSELL INVESTMENT FUNDS,2011,JANUARY
RUSSELL INVESTMENT FUNDS_2011_JANUARY_US.pdf,RUSSELL INVESTMENT FUNDS,2011,JANUARY
RUSSELL INVESTMENT FUNDS_2013_FEBRUARY_US.pdf,RUSSELL INVESTMENT FUNDS,2013,FEBRUARY
RUSSELL INVESTMENT FUNDS_2014_MAY_US_1.pdf,RUSSELL INVESTMENT FUNDS,2014,MAY
RUSSELL INVESTMENT FUNDS_2014_MAY_US.pdf,RUSSELL INVESTMENT FUNDS,2014,MAY
MERCER FUNDS_2011_OCTOBER_US_1.pdf,MERCER FUNDS,2011,OCTOBER
RUSSELL INVESTMENT MANAGEMENT COMPANY_NILL_NILL_US.pdf,RUSSELL INVESTMENT MANAGEMENT COMPANY,NILL,NILL
"RUSSELL INVESTMENT MANAGEMENT, LLC_NILL_NILL_US.pdf","RUSSELL INVESTMENT MANAGEMENT, LLC",NILL,NILL
"RUSSELL INVESTMENTS CAPITAL, LLC_NILL_NILL_US.pdf","RUSSELL INVESTMENTS CAPITAL, LLC",NILL,NILL
RUSSELL TRUST COMPANY_2009_JANUARY_US.pdf,RUSSELL TRUST COMPANY,2009,JANUARY
RUSSELL TRUST COMPANY_2011_JANUARY_US.pdf,RUSSELL TRUST COMPANY,2011,JANUARY
RUSSELL TRUST COMPANY_2013_JANUARY_US.pdf,RUSSELL TRUST COMPANY,2013,JANUARY
RUSSELL TRUST COMPANY_2013_MARCH_US_1.pdf,RUSSELL TRUST COMPANY,2013,MARCH
RUSSELL TRUST COMPANY_2013_MARCH_US.pdf,RUSSELL TRUST COMPANY,2013,MARCH
RUSSELL TRUST COMPANY_2014_MAY_US_1.pdf,RUSSELL TRUST COMPANY,2014,MAY
RUSSELL TRUST COMPANY_2014_MAY_US.pdf,RUSSELL TRUST COMPANY,2014,MAY
RUSSELL TRUST COMPANY_NILL_NILL_US.pdf,RUSSELL TRUST COMPANY,NILL,NILL
AQR COLLECTIVE INVESTMENT TRUST_2012_JANUARY_US.pdf,AQR COLLECTIVE INVESTMENT TRUST,2012,JANUARY
AQR MULTI-ASSET CLASS FUND L.P._2013_SEPTEMBER_US.pdf,AQR MULTI-ASSET CLASS FUND L.P.,2013,SEPTEMBER
MERCER FUNDS_2012_JUNE_US_1.pdf,MERCER FUNDS,2012,JUNE
MERCER FUNDS_2012_JUNE_US_2.pdf,MERCER FUNDS,2012,JUNE
MERCER FUNDS_2012_JUNE_US.pdf,MERCER FUNDS,2012,JUNE
MERCER FUNDS_2015_JANUARY_US.pdf,MERCER FUNDS,2015,JANUARY
MERCER FUNDS_NILL_NILL_US_1.pdf,MERCER FUNDS,NILL,NILL
MERCER FUNDS_NILL_NILL_US.pdf,MERCER FUNDS,NILL,NILL
MERCER GLOBAL INVESTMENT MANAGEMENT_2005_MAY_US_1.pdf,MERCER GLOBAL INVESTMENT MANAGEMENT,2005,MAY
MERCER GLOBAL INVESTMENT MANAGEMENT_2005_MAY_US_2.pdf,MERCER GLOBAL INVESTMENT MANAGEMENT,2005,MAY
MERCER GLOBAL INVESTMENT MANAGEMENT_2005_MAY_US.pdf,MERCER GLOBAL INVESTMENT MANAGEMENT,2005,MAY
MERCER GLOBAL INVESTMENTS CANADA LIMITED_2012_APRIL_US_1.pdf,MERCER GLOBAL INVESTMENTS CANADA LIMITED,2012,APRIL
MERCER GLOBAL INVESTMENTS CANADA LIMITED_2012_APRIL_US.pdf,MERCER GLOBAL INVESTMENTS CANADA LIMITED,2012,APRIL
MERCER GLOBAL INVESTMENTS CANADA LIMITED_NILL_JANUARY_US.pdf,MERCER GLOBAL INVESTMENTS CANADA LIMITED,NILL,JANUARY
MERCER GLOBAL INVESTMENTS CANADA LIMITED_NILL_NILL_US.pdf,MERCER GLOBAL INVESTMENTS CANADA LIMITED,NILL,NILL
MERCER GLOBAL INVESTMENTS_NILL_AUGUST_US.pdf,MERCER GLOBAL INVESTMENTS,NILL,AUGUST
MERCER GLOBAL INVESTMENTS _NILL_NILL_US.pdf,MERCER GLOBAL INVESTMENTS ,NILL,NILL
MERCER GLOBAL INVESTMENTS_NILL_NILL_US.pdf,MERCER GLOBAL INVESTMENTS,NILL,NILL
MERCER HEDGE FUND INVESTORS_NILL_NILL_US.pdf,MERCER HEDGE FUND INVESTORS,NILL,NILL
MERCER PHOENIX INVESTMENT PORTFOLIO_2012_MAY_US_1.pdf,MERCER PHOENIX INVESTMENT PORTFOLIO,2012,MAY
MERCER PHOENIX INVESTMENT PORTFOLIO_2012_MAY_US.pdf,MERCER PHOENIX INVESTMENT PORTFOLIO,2012,MAY
MERCER SUNOCO INVESTMENT PORTFOLIO_2010_MAY_US_1.pdf,MERCER SUNOCO INVESTMENT PORTFOLIO,2010,MAY
MERCER SUNOCO INVESTMENT PORTFOLIO_2010_MAY_US.pdf,MERCER SUNOCO INVESTMENT PORTFOLIO,2010,MAY
MERCER TRUST COMPANY_2011_JULY_US.pdf,MERCER TRUST COMPANY,2011,JULY
MERCER TRUST COMPANY_2015_JANUARY_US.pdf,MERCER TRUST COMPANY,2015,JANUARY
MERCER TRUST COMPANY_2017_MAY_US.pdf,MERCER TRUST COMPANY,2017,MAY
MERCER TRUST COMPANY_NILL_NILL_US_1.pdf,MERCER TRUST COMPANY,NILL,NILL
MERCER TRUST COMPANY_NILL_NILL_US.pdf,MERCER TRUST COMPANY,NILL,NILL
"MARSHALL FUNDS, INC._2008_DECEMBER_US_1.pdf","MARSHALL FUNDS, INC.",2008,DECEMBER
"MARSHALL FUNDS, INC._2008_DECEMBER_US_2.pdf","MARSHALL FUNDS, INC.",2008,DECEMBER
"MARSHALL FUNDS, INC._2008_DECEMBER_US_3.pdf","MARSHALL FUNDS, INC.",2008,DECEMBER
"MARSHALL FUNDS, INC._2008_DECEMBER_US.pdf","MARSHALL FUNDS, INC.",2008,DECEMBER
FIRST MERCANTILE ETF PORTFOLIOS_2006_FEBRUARY_US.pdf,FIRST MERCANTILE ETF PORTFOLIOS,2006,FEBRUARY
FIRST MERCANTILE TRUST COMPANY_2012_SEPTEMBER_US.pdf,FIRST MERCANTILE TRUST COMPANY,2012,SEPTEMBER
FIRST MERCANTILE TRUST COMPANY_2015_DECEMBER_US.pdf,FIRST MERCANTILE TRUST COMPANY,2015,DECEMBER
"BARING ASSET MANAGEMENT, INC._NILL_NILL_US.pdf","BARING ASSET MANAGEMENT, INC.",NILL,NILL
BARING INTERNATIONAL FOREIGN INVESTMENT TRUST_NILL_NILL_US.pdf,BARING INTERNATIONAL FOREIGN INVESTMENT TRUST,NILL,NILL
"BARINGS, LLC_2016_JULY_US.pdf","BARINGS, LLC",2016,JULY
BABSON CAPITAL_2015_JANUARY_US.pdf,BABSON CAPITAL,2015,JANUARY
"BABSON CAPITAL FINANCE, LLC_NILL_OCTOBER_US.pdf","BABSON CAPITAL FINANCE, LLC",NILL,OCTOBER
BABSON CAPITAL FUNDS TRUST_2015_JULY_US.pdf,BABSON CAPITAL FUNDS TRUST,2015,JULY
BABSON CAPITAL FUNDS TRUST_2015_OCTOBER_US.pdf,BABSON CAPITAL FUNDS TRUST,2015,OCTOBER
BABSON CAPITAL MANAGEMENT LLC_2007_APRIL_US.pdf,BABSON CAPITAL MANAGEMENT LLC,2007,APRIL
BABSON CAPITAL MANAGEMENT LLC_2007_JUNE_US.pdf,BABSON CAPITAL MANAGEMENT LLC,2007,JUNE
BABSON CAPITAL MANAGEMENT LLC_2008_APRIL_US.pdf,BABSON CAPITAL MANAGEMENT LLC,2008,APRIL
BABSON CAPITAL MANAGEMENT LLC_2008_MAY_US.pdf,BABSON CAPITAL MANAGEMENT LLC,2008,MAY
BABSON CAPITAL MANAGEMENT LLC_2009_APRIL_US.pdf,BABSON CAPITAL MANAGEMENT LLC,2009,APRIL
BABSON CAPITAL MANAGEMENT LLC_2011_AUGUST_US.pdf,BABSON CAPITAL MANAGEMENT LLC,2011,AUGUST
BABSON CAPITAL MANAGEMENT LLC_2012_APRIL_US.pdf,BABSON CAPITAL MANAGEMENT LLC,2012,APRIL
BABSON CAPITAL MANAGEMENT LLC_2013_JANUARY_US.pdf,BABSON CAPITAL MANAGEMENT LLC,2013,JANUARY
BABSON CAPITAL MANAGEMENT LLC_2013_MARCH_US.pdf,BABSON CAPITAL MANAGEMENT LLC,2013,MARCH
BABSON CAPITAL MANAGEMENT LLC_2014_MAY_US.pdf,BABSON CAPITAL MANAGEMENT LLC,2014,MAY
BABSON CAPITAL MANAGEMENT LLC_NILL_FEBRUARY_US_1.pdf,BABSON CAPITAL MANAGEMENT LLC,NILL,FEBRUARY
BABSON CAPITAL MANAGEMENT LLC_NILL_FEBRUARY_US.pdf,BABSON CAPITAL MANAGEMENT LLC,NILL,FEBRUARY
BABSON CAPITAL MANAGEMENT LLC_NILL_NILL_US_1.pdf,BABSON CAPITAL MANAGEMENT LLC,NILL,NILL
BABSON CAPITAL MANAGEMENT LLC_NILL_NILL_US.pdf,BABSON CAPITAL MANAGEMENT LLC,NILL,NILL
BABSON CAPITAL OPEN END MUTUAL FUNDS_2013_MARCH_US_1.pdf,BABSON CAPITAL OPEN END MUTUAL FUNDS,2013,MARCH
BABSON CAPITAL OPEN END MUTUAL FUNDS_2013_MARCH_US_2.pdf,BABSON CAPITAL OPEN END MUTUAL FUNDS,2013,MARCH
BABSON CAPITAL OPEN END MUTUAL FUNDS_2013_MARCH_US.pdf,BABSON CAPITAL OPEN END MUTUAL FUNDS,2013,MARCH
BABSON CAPITAL OPEN END MUTUAL FUND SERVICES_2015_FEBRUARY_US.pdf,BABSON CAPITAL OPEN END MUTUAL FUND SERVICES,2015,FEBRUARY
"BABSON INVESTMENT GRADE CLO DEBT FUND, LP_2015_MAY_US.pdf","BABSON INVESTMENT GRADE CLO DEBT FUND, LP",2015,MAY
MASSMUTUAL_2003_AUGUST_US.pdf,MASSMUTUAL,2003,AUGUST
MASSMUTUAL_2003_JUNE_US.pdf,MASSMUTUAL,2003,JUNE
MASSMUTUAL_2005_MAY_US.pdf,MASSMUTUAL,2005,MAY
MASSMUTUAL_2011_APRIL_US.pdf,MASSMUTUAL,2011,APRIL
MASSMUTUAL _2014_APRIL_US.pdf,MASSMUTUAL ,2014,APRIL
MASSMUTUAL_2014_APRIL_US.pdf,MASSMUTUAL,2014,APRIL
MASSMUTUAL FINANCIAL GROUP_2012_MARCH_US.pdf,MASSMUTUAL FINANCIAL GROUP,2012,MARCH
MASSMUTUAL (MUTUAL FUNDS)_2007_AUGUST_US.pdf,MASSMUTUAL (MUTUAL FUNDS),2007,AUGUST
MASSMUTUAL (MUTUAL FUNDS)_2011_JANUARY_US_1.pdf,MASSMUTUAL (MUTUAL FUNDS),2011,JANUARY
MASSMUTUAL (MUTUAL FUNDS)_2011_JANUARY_US_2.pdf,MASSMUTUAL (MUTUAL FUNDS),2011,JANUARY
MASSMUTUAL (MUTUAL FUNDS)_2011_JANUARY_US_3.pdf,MASSMUTUAL (MUTUAL FUNDS),2011,JANUARY
MASSMUTUAL (MUTUAL FUNDS)_2011_JANUARY_US_4.pdf,MASSMUTUAL (MUTUAL FUNDS),2011,JANUARY
MASSMUTUAL (MUTUAL FUNDS)_2011_JANUARY_US_5.pdf,MASSMUTUAL (MUTUAL FUNDS),2011,JANUARY
MASSMUTUAL (MUTUAL FUNDS)_2011_JANUARY_US.pdf,MASSMUTUAL (MUTUAL FUNDS),2011,JANUARY
MASSMUTUAL (MUTUAL FUNDS)_2014_APRIL_US_1.pdf,MASSMUTUAL (MUTUAL FUNDS),2014,APRIL
MASSMUTUAL (MUTUAL FUNDS)_2014_APRIL_US.pdf,MASSMUTUAL (MUTUAL FUNDS),2014,APRIL
MASSMUTUAL (MUTUAL FUNDS)_NILL_NILL_US_1.pdf,MASSMUTUAL (MUTUAL FUNDS),NILL,NILL
MASSMUTUAL (MUTUAL FUNDS)_NILL_NILL_US.pdf,MASSMUTUAL (MUTUAL FUNDS),NILL,NILL
MASSACHUSETTS FIDELITY TRUST COMPANY_2014_MAY_US.pdf,MASSACHUSETTS FIDELITY TRUST COMPANY,2014,MAY
MASSACHUSETTS FINANCIAL SERVICES COMPANY_NILL_NILL_US_1.pdf,MASSACHUSETTS FINANCIAL SERVICES COMPANY,NILL,NILL
MASSACHUSETTS FINANCIAL SERVICES COMPANY_NILL_NILL_US_2.pdf,MASSACHUSETTS FINANCIAL SERVICES COMPANY,NILL,NILL
MASSACHUSETTS FINANCIAL SERVICES COMPANY_NILL_NILL_US.pdf,MASSACHUSETTS FINANCIAL SERVICES COMPANY,NILL,NILL
MASSACHUSETTS MUTUAL LIFE INSURANCE COMPANY_2011_JANUARY_US_1.pdf,MASSACHUSETTS MUTUAL LIFE INSURANCE COMPANY,2011,JANUARY
MASSACHUSETTS MUTUAL LIFE INSURANCE COMPANY_2011_JANUARY_US.pdf,MASSACHUSETTS MUTUAL LIFE INSURANCE COMPANY,2011,JANUARY
MASSACHUSETTS MUTUAL LIFE INSURANCE COMPANY_2012_APRIL_US.pdf,MASSACHUSETTS MUTUAL LIFE INSURANCE COMPANY,2012,APRIL
EATON VANCE_2000_MAY_US.pdf,EATON VANCE,2000,MAY
MASSACHUSETTS MUTUAL LIFE INSURANCE COMPANY_NILL_MAY_US.pdf,MASSACHUSETTS MUTUAL LIFE INSURANCE COMPANY,NILL,MAY
MASSACHUSETTS MUTUAL LIFE INSURANCE COMPANY_NILL_NILL_US.pdf,MASSACHUSETTS MUTUAL LIFE INSURANCE COMPANY,NILL,NILL
EATON VANCE_2001_MAY_US.pdf,EATON VANCE,2001,MAY
EATON VANCE_2010_APRIL_US.pdf,EATON VANCE,2010,APRIL
EATON VANCE_2010_SEPTEMBER_US.pdf,EATON VANCE,2010,SEPTEMBER
EATON VANCE - BANK LOAN_2014_JANUARY_US_1.pdf,EATON VANCE - BANK LOAN,2014,JANUARY
EATON VANCE - BANK LOAN_2014_JANUARY_US_2.pdf,EATON VANCE - BANK LOAN,2014,JANUARY
EATON VANCE - BANK LOAN_2014_JANUARY_US.pdf,EATON VANCE - BANK LOAN,2014,JANUARY
"EATON VANCE CASH COLLATERAL FUND, LLC_2010_SEPTEMBER_US.pdf","EATON VANCE CASH COLLATERAL FUND, LLC",2010,SEPTEMBER
EATON VANCE EXCHANGE FUND SUBSIDIARIES_NILL_NILL_US.pdf,EATON VANCE EXCHANGE FUND SUBSIDIARIES,NILL,NILL
EATON VANCE FLOATING RATE COMPLETION FUND_2013_NILL_US.pdf,EATON VANCE FLOATING RATE COMPLETION FUND,2013,NILL
EATON VANCE FUNDS_2013_SEPTEMBER_US_1.pdf,EATON VANCE FUNDS,2013,SEPTEMBER
EATON VANCE FUNDS_2013_SEPTEMBER_US.pdf,EATON VANCE FUNDS,2013,SEPTEMBER
EATON VANCE - GLOBAL BOND_2012_SEPTEMBER_US.pdf,EATON VANCE - GLOBAL BOND,2012,SEPTEMBER
EATON VANCE - GLOBAL BOND_2013_APRIL_US.pdf,EATON VANCE - GLOBAL BOND,2013,APRIL
EATON VANCE MANAGEMENT_1997_SEPTEMBER_US_1.pdf,EATON VANCE MANAGEMENT,1997,SEPTEMBER
GMO_NILL_MAY_US.pdf,GMO,NILL,MAY
EATON VANCE MANAGEMENT_1997_SEPTEMBER_US.pdf,EATON VANCE MANAGEMENT,1997,SEPTEMBER
EATON VANCE MANAGEMENT_2006_JULY_US_1.pdf,EATON VANCE MANAGEMENT,2006,JULY
EATON VANCE MANAGEMENT_2006_JULY_US_2.pdf,EATON VANCE MANAGEMENT,2006,JULY
EATON VANCE MANAGEMENT_2006_JULY_US.pdf,EATON VANCE MANAGEMENT,2006,JULY
EATON VANCE MANAGEMENT_2006_MAY_US.pdf,EATON VANCE MANAGEMENT,2006,MAY
EATON VANCE MANAGEMENT_2010_SEPTEMBER_US.pdf,EATON VANCE MANAGEMENT,2010,SEPTEMBER
EATON VANCE MANAGEMENT_NILL_AUGUST_US.pdf,EATON VANCE MANAGEMENT,NILL,AUGUST
EATON VANCE MANAGEMENT_NILL_JANUARY_US_1.pdf,EATON VANCE MANAGEMENT,NILL,JANUARY
EATON VANCE MANAGEMENT_NILL_JANUARY_US.pdf,EATON VANCE MANAGEMENT,NILL,JANUARY
EATON VANCE MANAGEMENT_NILL_MARCH_US.pdf,EATON VANCE MANAGEMENT,NILL,MARCH
EATON VANCE MANAGEMENT_NILL_MAY_US_1.pdf,EATON VANCE MANAGEMENT,NILL,MAY
EATON VANCE MANAGEMENT_NILL_MAY_US_2.pdf,EATON VANCE MANAGEMENT,NILL,MAY
EATON VANCE MANAGEMENT_NILL_MAY_US_3.pdf,EATON VANCE MANAGEMENT,NILL,MAY
EATON VANCE MANAGEMENT_NILL_MAY_US.pdf,EATON VANCE MANAGEMENT,NILL,MAY
EATON VANCE MANAGEMENT_NILL_NILL_US_1.pdf,EATON VANCE MANAGEMENT,NILL,NILL
EATON VANCE MANAGEMENT_NILL_NILL_US_2.pdf,EATON VANCE MANAGEMENT,NILL,NILL
EATON VANCE MANAGEMENT_NILL_NILL_US_3.pdf,EATON VANCE MANAGEMENT,NILL,NILL
EATON VANCE MANAGEMENT_NILL_NILL_US_4.pdf,EATON VANCE MANAGEMENT,NILL,NILL
EATON VANCE MANAGEMENT_NILL_NILL_US_5.pdf,EATON VANCE MANAGEMENT,NILL,NILL
EATON VANCE MANAGEMENT_NILL_NILL_US_6.pdf,EATON VANCE MANAGEMENT,NILL,NILL
EATON VANCE MANAGEMENT_NILL_NILL_US_7.pdf,EATON VANCE MANAGEMENT,NILL,NILL
EATON VANCE MANAGEMENT_NILL_NILL_US_8.pdf,EATON VANCE MANAGEMENT,NILL,NILL
EATON VANCE MANAGEMENT_NILL_NILL_US.pdf,EATON VANCE MANAGEMENT,NILL,NILL
EATON VANCE MANAGEMENT_NILL_OCTOBER_US_1.pdf,EATON VANCE MANAGEMENT,NILL,OCTOBER
EATON VANCE MANAGEMENT_NILL_OCTOBER_US.pdf,EATON VANCE MANAGEMENT,NILL,OCTOBER
EATON VANCE_NILL_MAY_US.pdf,EATON VANCE,NILL,MAY
EATON VANCE_NILL_NILL_US_1.pdf,EATON VANCE,NILL,NILL
EATON VANCE_NILL_NILL_US_2.pdf,EATON VANCE,NILL,NILL
EATON VANCE_NILL_NILL_US.pdf,EATON VANCE,NILL,NILL
EATON VANCE_NILL_SEPTEMBER_US_1.pdf,EATON VANCE,NILL,SEPTEMBER
EATON VANCE_NILL_SEPTEMBER_US.pdf,EATON VANCE,NILL,SEPTEMBER
EATON VANCE TAX_NILL_NILL_US.pdf,EATON VANCE TAX,NILL,NILL
"WELLINGTON MANAGEMENT COMPANY, LLP_2013_JANUARY_US.pdf","WELLINGTON MANAGEMENT COMPANY, LLP",2013,JANUARY
WELLINGTON TRUST COMPANY PORTFOLIOS_NILL_JULY_US.pdf,WELLINGTON TRUST COMPANY PORTFOLIOS,NILL,JULY
LAZARD ASSET MANAGEMENT_2012_JANUARY_US.pdf,LAZARD ASSET MANAGEMENT,2012,JANUARY
LAZARD ASSET MANAGEMENT LLC_2011_DECEMBER_US.pdf,LAZARD ASSET MANAGEMENT LLC,2011,DECEMBER
TIAA-CREF_NILL_NILL_US_1.pdf,TIAA-CREF,NILL,NILL
LAZARD ASSET MANAGEMENT_NILL_NILL_US_10.pdf,LAZARD ASSET MANAGEMENT,NILL,NILL
LAZARD ASSET MANAGEMENT_NILL_NILL_US_11.pdf,LAZARD ASSET MANAGEMENT,NILL,NILL
LAZARD ASSET MANAGEMENT_NILL_NILL_US_12.pdf,LAZARD ASSET MANAGEMENT,NILL,NILL
LAZARD ASSET MANAGEMENT_NILL_NILL_US_13.pdf,LAZARD ASSET MANAGEMENT,NILL,NILL
LAZARD ASSET MANAGEMENT_NILL_NILL_US_14.pdf,LAZARD ASSET MANAGEMENT,NILL,NILL
LAZARD ASSET MANAGEMENT_NILL_NILL_US_15.pdf,LAZARD ASSET MANAGEMENT,NILL,NILL
LAZARD ASSET MANAGEMENT_NILL_NILL_US_16.pdf,LAZARD ASSET MANAGEMENT,NILL,NILL
LAZARD ASSET MANAGEMENT_NILL_NILL_US_17.pdf,LAZARD ASSET MANAGEMENT,NILL,NILL
LAZARD ASSET MANAGEMENT_NILL_NILL_US_18.pdf,LAZARD ASSET MANAGEMENT,NILL,NILL
LAZARD ASSET MANAGEMENT_NILL_NILL_US_1.pdf,LAZARD ASSET MANAGEMENT,NILL,NILL
LAZARD ASSET MANAGEMENT_NILL_NILL_US_2.pdf,LAZARD ASSET MANAGEMENT,NILL,NILL
LAZARD ASSET MANAGEMENT_NILL_NILL_US_3.pdf,LAZARD ASSET MANAGEMENT,NILL,NILL
LAZARD ASSET MANAGEMENT_NILL_NILL_US_4.pdf,LAZARD ASSET MANAGEMENT,NILL,NILL
LAZARD ASSET MANAGEMENT_NILL_NILL_US_5.pdf,LAZARD ASSET MANAGEMENT,NILL,NILL
LAZARD ASSET MANAGEMENT_NILL_NILL_US_6.pdf,LAZARD ASSET MANAGEMENT,NILL,NILL
LAZARD ASSET MANAGEMENT_NILL_NILL_US_7.pdf,LAZARD ASSET MANAGEMENT,NILL,NILL
LAZARD ASSET MANAGEMENT_NILL_NILL_US_8.pdf,LAZARD ASSET MANAGEMENT,NILL,NILL
LAZARD ASSET MANAGEMENT_NILL_NILL_US_9.pdf,LAZARD ASSET MANAGEMENT,NILL,NILL
LAZARD ASSET MANAGEMENT_NILL_NILL_US.pdf,LAZARD ASSET MANAGEMENT,NILL,NILL
"LAZARD EMERGING INCOME, L.P_NILL_NILL_US.pdf","LAZARD EMERGING INCOME, L.P",NILL,NILL
"LAZARD FUNDS, INC._NILL_NILL_US_1.pdf","LAZARD FUNDS, INC.",NILL,NILL
"LAZARD FUNDS, INC._NILL_NILL_US_2.pdf","LAZARD FUNDS, INC.",NILL,NILL
"LAZARD FUNDS, INC._NILL_NILL_US_3.pdf","LAZARD FUNDS, INC.",NILL,NILL
"LAZARD FUNDS, INC._NILL_NILL_US.pdf","LAZARD FUNDS, INC.",NILL,NILL
"LAZARD RETIREMENT SERIES, INC._NILL_NILL_US_1.pdf","LAZARD RETIREMENT SERIES, INC.",NILL,NILL
"LAZARD RETIREMENT SERIES, INC._NILL_NILL_US_2.pdf","LAZARD RETIREMENT SERIES, INC.",NILL,NILL
"LAZARD RETIREMENT SERIES, INC._NILL_NILL_US_3.pdf","LAZARD RETIREMENT SERIES, INC.",NILL,NILL
"LAZARD RETIREMENT SERIES, INC._NILL_NILL_US.pdf","LAZARD RETIREMENT SERIES, INC.",NILL,NILL
LOOMIS SAYLES & COMPANY INCORPORATED_2007_OCTOBER_US.pdf,LOOMIS SAYLES & COMPANY INCORPORATED,2007,OCTOBER
"LOOMIS, SAYLES & COMPANY, L.P._2004_JUNE_US.pdf","LOOMIS, SAYLES & COMPANY, L.P.",2004,JUNE
"LOOMIS, SAYLES & COMPANY, L.P._NILL_NILL_US.pdf","LOOMIS, SAYLES & COMPANY, L.P.",NILL,NILL
"LOOMIS SAYLES SMID GROWTH, L.P._NILL_NILL_US.pdf","LOOMIS SAYLES SMID GROWTH, L.P.",NILL,NILL
"LOOMIS SAYLES TRUST COMPANY, LLC_2007_DECEMBER_US.pdf","LOOMIS SAYLES TRUST COMPANY, LLC",2007,DECEMBER
NATIXIS FUNDS_2014_OCTOBER_US_1.pdf,NATIXIS FUNDS,2014,OCTOBER
"LOOMIS SAYLES TRUST COMPANY, LLC_2015_JANUARY_US.pdf","LOOMIS SAYLES TRUST COMPANY, LLC",2015,JANUARY
CAPITAL RESEARCH AND MANAGEMENT COMPANY_NILL_MAY_US.pdf,CAPITAL RESEARCH AND MANAGEMENT COMPANY,NILL,MAY
NATIXIS FUNDS_2014_OCTOBER_US_2.pdf,NATIXIS FUNDS,2014,OCTOBER
NATIXIS FUNDS_2014_OCTOBER_US.pdf,NATIXIS FUNDS,2014,OCTOBER
NATIXIS FUNDS TRUST I_NILL_NILL_US_1.pdf,NATIXIS FUNDS TRUST I,NILL,NILL
NATIXIS FUNDS TRUST I_NILL_NILL_US_2.pdf,NATIXIS FUNDS TRUST I,NILL,NILL
NATIXIS FUNDS TRUST I_NILL_NILL_US.pdf,NATIXIS FUNDS TRUST I,NILL,NILL
NATIXIS GLOBAL ASSOCIATES_2007_DECEMBER_US.pdf,NATIXIS GLOBAL ASSOCIATES,2007,DECEMBER
"CDC IXIS ASSET MANAGEMENT SERVICES, INC._2002_JUNE_US.pdf","CDC IXIS ASSET MANAGEMENT SERVICES, INC.",2002,JUNE
"CDC IXIS ASSET MANAGEMENT SERVICES, INC._2003_SEPTEMBER_US.pdf","CDC IXIS ASSET MANAGEMENT SERVICES, INC.",2003,SEPTEMBER
"CDC IXIS ASSET MANAGEMENT SERVICES, INC._2004_JULY_US.pdf","CDC IXIS ASSET MANAGEMENT SERVICES, INC.",2004,JULY
"HARRIS ASSOCIATES INTERNATIONAL VALUE, L.P._2002_APRIL_US.pdf","HARRIS ASSOCIATES INTERNATIONAL VALUE, L.P.",2002,APRIL
"HARRIS ASSOCIATES INTERNATIONAL VALUE, L.P._2003_JUNE_US.pdf","HARRIS ASSOCIATES INTERNATIONAL VALUE, L.P.",2003,JUNE
HARRIS ASSOCIATES INTERNATIONAL VALUE L.P._2005_APRIL_US.pdf,HARRIS ASSOCIATES INTERNATIONAL VALUE L.P.,2005,APRIL
HARRIS ASSOCIATES INTERNATIONAL VALUE L.P._2006_JULY_US.pdf,HARRIS ASSOCIATES INTERNATIONAL VALUE L.P.,2006,JULY
HARRIS ASSOCIATES INTERNATIONAL VALUE L.P._2007_JUNE_US.pdf,HARRIS ASSOCIATES INTERNATIONAL VALUE L.P.,2007,JUNE
HARRIS ASSOCIATES INTERNATIONAL VALUE L.P._2014_JULY_US_1.pdf,HARRIS ASSOCIATES INTERNATIONAL VALUE L.P.,2014,JULY
HARRIS ASSOCIATES INTERNATIONAL VALUE L.P._2014_JULY_US_2.pdf,HARRIS ASSOCIATES INTERNATIONAL VALUE L.P.,2014,JULY
HARRIS ASSOCIATES INTERNATIONAL VALUE L.P._2014_JULY_US.pdf,HARRIS ASSOCIATES INTERNATIONAL VALUE L.P.,2014,JULY
HARRIS ASSOCIATES INVESTMENT TRUST_2002_APRIL_US.pdf,HARRIS ASSOCIATES INVESTMENT TRUST,2002,APRIL
HARRIS ASSOCIATES INVESTMENT TRUST_2006_OCTOBER_US.pdf,HARRIS ASSOCIATES INVESTMENT TRUST,2006,OCTOBER
HARRIS ASSOCIATES INVESTMENT TRUST_2008_JANUARY_US.pdf,HARRIS ASSOCIATES INVESTMENT TRUST,2008,JANUARY
HARRIS ASSOCIATES INVESTMENT TRUST_2014_JULY_US_1.pdf,HARRIS ASSOCIATES INVESTMENT TRUST,2014,JULY
HARRIS ASSOCIATES INVESTMENT TRUST_2014_JULY_US_2.pdf,HARRIS ASSOCIATES INVESTMENT TRUST,2014,JULY
HARRIS ASSOCIATES INVESTMENT TRUST_2014_JULY_US.pdf,HARRIS ASSOCIATES INVESTMENT TRUST,2014,JULY
HARRIS ASSOCIATES INVESTMENT TRUST_NILL_NILL_US_2.pdf,HARRIS ASSOCIATES INVESTMENT TRUST,NILL,NILL
HARRIS ASSOCIATES INVESTMENT TRUST_NILL_NILL_US_1.pdf,HARRIS ASSOCIATES INVESTMENT TRUST,NILL,NILL
HARRIS ASSOCIATES INVESTMENT TRUST_NILL_NILL_US.pdf,HARRIS ASSOCIATES INVESTMENT TRUST,NILL,NILL
HARRIS INVESTMENT TRUST_2006_JULY_US.pdf,HARRIS INVESTMENT TRUST,2006,JULY
INVESCO_NILL_NILL_US.pdf,INVESCO,NILL,NILL
"IXIS ASSET MANAGEMENT ADVISORS, L.P._NILL_NILL_US_1.pdf","IXIS ASSET MANAGEMENT ADVISORS, L.P.",NILL,NILL
"IXIS ASSET MANAGEMENT ADVISORS, L.P._NILL_NILL_US_2.pdf","IXIS ASSET MANAGEMENT ADVISORS, L.P.",NILL,NILL
"IXIS ASSET MANAGEMENT ADVISORS, L.P._NILL_NILL_US.pdf","IXIS ASSET MANAGEMENT ADVISORS, L.P.",NILL,NILL
FIDELITY COOPERATIVE BANK_2016_DECEMBER_US.pdf,FIDELITY COOPERATIVE BANK,2016,DECEMBER
FIDELITY & GUARANTY LIFE INSURANCE COMPANY_2011_JANUARY_US.pdf,FIDELITY & GUARANTY LIFE INSURANCE COMPANY,2011,JANUARY
FIDELITY INVESTMENTS_2014_SEPTEMBER_US.pdf,FIDELITY INVESTMENTS,2014,SEPTEMBER
FIDELITY INVESTMENTS MONEY MANAGEMENT INC._2014_OCTOBER_US.pdf,FIDELITY INVESTMENTS MONEY MANAGEMENT INC.,2014,OCTOBER
FIDELITY INVESTMENTS_NILL_NILL_US_1.pdf,FIDELITY INVESTMENTS,NILL,NILL
FIDELITY INVESTMENTS_NILL_NILL_US.pdf,FIDELITY INVESTMENTS,NILL,NILL
FIDELITY MANAGEMENT TRUST COMPANY_2012_JULY_US.pdf,FIDELITY MANAGEMENT TRUST COMPANY,2012,JULY
FIDELITY MANAGEMENT TRUST COMPANY_NILL_JANUARY_US.pdf,FIDELITY MANAGEMENT TRUST COMPANY,NILL,JANUARY
"FIDELITY SERVICE COMPANY, INC._2014_SEPTEMBER_US_1.pdf","FIDELITY SERVICE COMPANY, INC.",2014,SEPTEMBER
"FIDELITY SERVICE COMPANY, INC._2014_SEPTEMBER_US.pdf","FIDELITY SERVICE COMPANY, INC.",2014,SEPTEMBER
"FIDELITY SERVICE COMPANY, INC._2016_SEPTEMBER_US.pdf","FIDELITY SERVICE COMPANY, INC.",2016,SEPTEMBER
"FIDELITY SERVICE COMPANY, INC._NILL_NILL_US.pdf","FIDELITY SERVICE COMPANY, INC.",NILL,NILL
"NUVEEN ASSET MANAGEMENT,LLC_2015_APRIL_US.pdf","NUVEEN ASSET MANAGEMENT,LLC",2015,APRIL
NUVEEN INVESTMENTS_NILL_NILL_US.pdf,NUVEEN INVESTMENTS,NILL,NILL
SYMPHONY ASSET MANAGEMENT_NILL_NILL_US.pdf,SYMPHONY ASSET MANAGEMENT,NILL,NILL
TIAA-CREF LIFE INSURANCE COMPANY_2013_SEPTEMBER_US.pdf,TIAA-CREF LIFE INSURANCE COMPANY,2013,SEPTEMBER
TIAA-CREF_NILL_NILL_US_2.pdf,TIAA-CREF,NILL,NILL
TIAA-CREF_NILL_NILL_US.pdf,TIAA-CREF,NILL,NILL
"TIAA-CREF TUITION FINANCING, INC._2013_JANUARY_US.pdf","TIAA-CREF TUITION FINANCING, INC.",2013,JANUARY
UBS FUNDS_2001_MARCH_US.pdf,UBS FUNDS,2001,MARCH
UBS FUNDS_NILL_NILL_US_1.pdf,UBS FUNDS,NILL,NILL
UBS FUNDS_NILL_NILL_US_2.pdf,UBS FUNDS,NILL,NILL
UBS FUNDS_NILL_NILL_US.pdf,UBS FUNDS,NILL,NILL
UBS GLOBAL ASSET MANAGEMENT (AMERICA) INC._2015_JUNE_US.pdf,UBS GLOBAL ASSET MANAGEMENT (AMERICA) INC.,2015,JUNE
UBS GLOBAL ASSET MANAGEMENT (AMERICAS) INC._2001_MARCH_US_1.pdf,UBS GLOBAL ASSET MANAGEMENT (AMERICAS) INC.,2001,MARCH
UBS GLOBAL ASSET MANAGEMENT (AMERICAS) INC._2001_MARCH_US.pdf,UBS GLOBAL ASSET MANAGEMENT (AMERICAS) INC.,2001,MARCH
UBS GLOBAL ASSET MANAGEMENT (AMERICAS) INC._2010_DECEMBER_US_1.pdf,UBS GLOBAL ASSET MANAGEMENT (AMERICAS) INC.,2010,DECEMBER
UBS GLOBAL ASSET MANAGEMENT (AMERICAS) INC._2010_DECEMBER_US_2.pdf,UBS GLOBAL ASSET MANAGEMENT (AMERICAS) INC.,2010,DECEMBER
UBS GLOBAL ASSET MANAGEMENT_NILL_NILL_US.pdf,UBS GLOBAL ASSET MANAGEMENT,NILL,NILL
UBS GLOBAL ASSET MANAGEMENT (AMERICAS) INC_2010_DECEMBER_US.pdf,UBS GLOBAL ASSET MANAGEMENT (AMERICAS) INC,2010,DECEMBER
UBS GLOBAL ASSET MANAGEMENT (AMERICAS) INC._2010_DECEMBER_US.pdf,UBS GLOBAL ASSET MANAGEMENT (AMERICAS) INC.,2010,DECEMBER
UBS GLOBAL ASSET MANAGEMENT (AMERICAS) INC._2012_APRIL_US_1.pdf,UBS GLOBAL ASSET MANAGEMENT (AMERICAS) INC.,2012,APRIL
UBS GLOBAL ASSET MANAGEMENT (AMERICAS) INC._2012_APRIL_US_2.pdf,UBS GLOBAL ASSET MANAGEMENT (AMERICAS) INC.,2012,APRIL
UBS GLOBAL ASSET MANAGEMENT (AMERICAS) INC._2012_APRIL_US.pdf,UBS GLOBAL ASSET MANAGEMENT (AMERICAS) INC.,2012,APRIL
UBS GLOBAL ASSET MANAGEMENT (AMERICAS) INC._2015_JUNE_US_1.pdf,UBS GLOBAL ASSET MANAGEMENT (AMERICAS) INC.,2015,JUNE
UBS GLOBAL ASSET MANAGEMENT (AMERICAS) INC._2015_JUNE_US_2.pdf,UBS GLOBAL ASSET MANAGEMENT (AMERICAS) INC.,2015,JUNE
UBS GLOBAL ASSET MANAGEMENT (AMERICAS) INC._2015_JUNE_US_3.pdf,UBS GLOBAL ASSET MANAGEMENT (AMERICAS) INC.,2015,JUNE
UBS GLOBAL ASSET MANAGEMENT (AMERICAS) INC_2015_JUNE_US.pdf,UBS GLOBAL ASSET MANAGEMENT (AMERICAS) INC,2015,JUNE
UBS GLOBAL ASSET MANAGEMENT (AMERICAS) INC._2015_JUNE_US.pdf,UBS GLOBAL ASSET MANAGEMENT (AMERICAS) INC.,2015,JUNE
UBS GLOBAL ASSET MANAGEMENT (AMERICAS) INC._NILL_NILL_US.pdf,UBS GLOBAL ASSET MANAGEMENT (AMERICAS) INC.,NILL,NILL
UBS GLOBAL ASSET MANAGEMENT FUND COMPLEX_NILL_NILL_US.pdf,UBS GLOBAL ASSET MANAGEMENT FUND COMPLEX,NILL,NILL
UBS GLOBAL ASSET MANAGEMENT (US) INC._2001_MARCH_US.pdf,UBS GLOBAL ASSET MANAGEMENT (US) INC.,2001,MARCH
UBS GLOBAL ASSET MANAGEMENT (US) INC._NILL_NILL_US_1.pdf,UBS GLOBAL ASSET MANAGEMENT (US) INC.,NILL,NILL
UBS GLOBAL ASSET MANAGEMENT (US) INC._NILL_NILL_US.pdf,UBS GLOBAL ASSET MANAGEMENT (US) INC.,NILL,NILL
UBS REIT NO.260 LLC_2008_SEPTEMBER_US.pdf,UBS REIT NO.260 LLC,2008,SEPTEMBER
JACKSON NATIONAL ASSET MANAGEMENT_NILL_NILL_US.pdf,JACKSON NATIONAL ASSET MANAGEMENT,NILL,NILL
EASTSPRING ASSET MANAGEMENT KOREA CO. LTD. _2014_MAY_US_1.pdf,EASTSPRING ASSET MANAGEMENT KOREA CO. LTD. ,2014,MAY
EASTSPRING ASSET MANAGEMENT KOREA CO. LTD. _2014_MAY_US.pdf,EASTSPRING ASSET MANAGEMENT KOREA CO. LTD. ,2014,MAY
PRUDENTIAL TRUST COMPANY_2014_APRIL_US_1.pdf,PRUDENTIAL TRUST COMPANY,2014,APRIL
PRUDENTIAL TRUST COMPANY_2014_APRIL_US.pdf,PRUDENTIAL TRUST COMPANY,2014,APRIL
SCOTTISH WIDOWS INVESTMENT PARTNERSHIP TRUST_NILL_OCTOBER_US.pdf,SCOTTISH WIDOWS INVESTMENT PARTNERSHIP TRUST,NILL,OCTOBER
"GUINNESS ATKINSON ASSET MANAGEMENT, LLC_2004_JUNE_US.pdf","GUINNESS ATKINSON ASSET MANAGEMENT, LLC",2004,JUNE
GUINNESS ATKINSON FUNDS_2003_DECEMBER_US.pdf,GUINNESS ATKINSON FUNDS,2003,DECEMBER
GUINNESS FLIGHT INVESTMENT FUNDS_1994_JULY_US.pdf,GUINNESS FLIGHT INVESTMENT FUNDS,1994,JULY
"GUINNESS FLIGHT INVESTMENT FUNDS, INC._1997_DECEMBER_US.pdf","GUINNESS FLIGHT INVESTMENT FUNDS, INC.",1997,DECEMBER
"GUINNESS FLIGHT INVESTMENT FUNDS, INC._1999_AUGUST_US.pdf","GUINNESS FLIGHT INVESTMENT FUNDS, INC.",1999,AUGUST
INVESCO FUNDS_2002_JANUARY_US.pdf,INVESCO FUNDS,2002,JANUARY
GUINNESS FLIGHT INVESTMENT FUNDS_NILL_NILL_US.pdf,GUINNESS FLIGHT INVESTMENT FUNDS,NILL,NILL
INVESCO FUNDS_2013_JANUARY_US.pdf,INVESCO FUNDS,2013,JANUARY
INVESCO FUNDS_NILL_NILL_US_1.pdf,INVESCO FUNDS,NILL,NILL
INVESCO FUNDS_NILL_NILL_US.pdf,INVESCO FUNDS,NILL,NILL
INVESCO GEMINI US LOAN FUND LLC_2016_APRIL_US_1.pdf,INVESCO GEMINI US LOAN FUND LLC,2016,APRIL
INVESCO GEMINI US LOAN FUND LLC_2016_APRIL_US.pdf,INVESCO GEMINI US LOAN FUND LLC,2016,APRIL
"INVESCO, INC_NILL_NILL_US.pdf","INVESCO, INC",NILL,NILL
INVESCO MULTI SERIES FUNDS LLC_2016_APRIL_US.pdf,INVESCO MULTI SERIES FUNDS LLC,2016,APRIL
"INVESCO MULTI SERIES FUNDS, LLC_NILL_NILL_US.pdf","INVESCO MULTI SERIES FUNDS, LLC",NILL,NILL
INVESCO_NILL_DECEMBER_US_1.pdf,INVESCO,NILL,DECEMBER
INVESCO_NILL_DECEMBER_US.pdf,INVESCO,NILL,DECEMBER
INVESCO _NILL_JANUARY_US.pdf,INVESCO ,NILL,JANUARY
INVESCO RETAIL TRUST INTERNATIONAL EQUITY FUND COMPANY_2014_MARCH_US.pdf,INVESCO RETAIL TRUST INTERNATIONAL EQUITY FUND COMPANY,2014,MARCH
"INVESCO SENIOR SECURED MANAGEMENT, INC._2014_JANUARY_US.pdf","INVESCO SENIOR SECURED MANAGEMENT, INC.",2014,JANUARY
"INVESCO SENIOR SECURED MANAGEMENT, INC._2015_MARCH_US.pdf","INVESCO SENIOR SECURED MANAGEMENT, INC.",2015,MARCH
BLACKSTONE ALTERNATIVE ASSET MANAGEMENT L.P._NILL_NILL_US.pdf,BLACKSTONE ALTERNATIVE ASSET MANAGEMENT L.P.,NILL,NILL
GSO CAPITAL PARTNERS LP_2013_DECEMBER_US.pdf,GSO CAPITAL PARTNERS LP,2013,DECEMBER
BLACKSTONE ALTERNATIVE INVESTMENT ADVISORS L.L.C._NILL_NILL_US.pdf,BLACKSTONE ALTERNATIVE INVESTMENT ADVISORS L.L.C.,NILL,NILL
BLACKSTONE ALTERNATIVE INVESTMENT FUNDS_2013_MAY_US.pdf,BLACKSTONE ALTERNATIVE INVESTMENT FUNDS,2013,MAY
BLACKSTONE ALTERNATIVE INVESTMENT FUNDS_2014_APRIL_US_1.pdf,BLACKSTONE ALTERNATIVE INVESTMENT FUNDS,2014,APRIL
BLACKSTONE ALTERNATIVE INVESTMENT FUNDS_2014_APRIL_US.pdf,BLACKSTONE ALTERNATIVE INVESTMENT FUNDS,2014,APRIL
BLACKSTONE ALTERNATIVE INVESTMENTS FUNDS_2014_APRIL_US.pdf,BLACKSTONE ALTERNATIVE INVESTMENTS FUNDS,2014,APRIL
BLACKSTONE PROPERTY PARTNERS L.P. FUND_NILL_NILL_US.pdf,BLACKSTONE PROPERTY PARTNERS L.P. FUND,NILL,NILL
BLACKSTONE REAL ESTATE INCOME FUND COMPLEX_2014_JANUARY_US.pdf,BLACKSTONE REAL ESTATE INCOME FUND COMPLEX,2014,JANUARY
BLACKSTONE REAL ESTATE INCOME FUND COMPLEX_2014_JULY_US.pdf,BLACKSTONE REAL ESTATE INCOME FUND COMPLEX,2014,JULY
GSO CAPITAL PARTNERS LP_2015_APRIL_US.pdf,GSO CAPITAL PARTNERS LP,2015,APRIL
GSO CAPITAL PARTNERS_NILL_NILL_US_1.pdf,GSO CAPITAL PARTNERS,NILL,NILL
GSO CAPITAL PARTNERS_NILL_NILL_US.pdf,GSO CAPITAL PARTNERS,NILL,NILL
GSO CO-INVESTMENT PARTNERS LLC_2009_MAY_US.pdf,GSO CO-INVESTMENT PARTNERS LLC,2009,MAY
BMO ALTERNATIVE STRATEGIES FUND_2014_JANUARY_US.pdf,BMO ALTERNATIVE STRATEGIES FUND,2014,JANUARY
BMO GLOBAL ASSET MANGEMENT_NILL_NILL_US.pdf,BMO GLOBAL ASSET MANGEMENT,NILL,NILL
PYRFORD INTERNATIONAL_2011_JUNE_US.pdf,PYRFORD INTERNATIONAL,2011,JUNE
BMO HARRIS BANK NATIONAL ASSOCIATION_NILL_NILL_US.pdf,BMO HARRIS BANK NATIONAL ASSOCIATION,NILL,NILL
MANULIFE ASSET MANAGEMENT LIMITED_2011_FEBRUARY_US.pdf,MANULIFE ASSET MANAGEMENT LIMITED,2011,FEBRUARY
MANULIFE ASSET MANAGEMENT TRUST COMPANY LLC_2014_APRIL_US.pdf,MANULIFE ASSET MANAGEMENT TRUST COMPANY LLC,2014,APRIL
JOHN HANCOCK BOND & CORPORATE FINANCE GROUP_1999_MAY_US.pdf,JOHN HANCOCK BOND & CORPORATE FINANCE GROUP,1999,MAY
JOHN HANCOCK EXCHANGE TRADED FUNDS_NILL_NILL_US.pdf,JOHN HANCOCK EXCHANGE TRADED FUNDS,NILL,NILL
JOHN HANCOCK FUND FAMILY_NILL_NILL_US_1.pdf,JOHN HANCOCK FUND FAMILY,NILL,NILL
JOHN HANCOCK FUND FAMILY_NILL_NILL_US_2.pdf,JOHN HANCOCK FUND FAMILY,NILL,NILL
JOHN HANCOCK FUND FAMILY_NILL_NILL_US_3.pdf,JOHN HANCOCK FUND FAMILY,NILL,NILL
JOHN HANCOCK FUND FAMILY_NILL_NILL_US_4.pdf,JOHN HANCOCK FUND FAMILY,NILL,NILL
JOHN HANCOCK FUND FAMILY_NILL_NILL_US.pdf,JOHN HANCOCK FUND FAMILY,NILL,NILL
JOHN HANCOCK INSURANCE COMPANY OF VERMONT_2015_JANUARY_US.pdf,JOHN HANCOCK INSURANCE COMPANY OF VERMONT,2015,JANUARY
JOHN HANCOCK INVESTMENT FUNDS_2014_APRIL_US_1.pdf,JOHN HANCOCK INVESTMENT FUNDS,2014,APRIL
JOHN HANCOCK INVESTMENT FUNDS_2014_APRIL_US_2.pdf,JOHN HANCOCK INVESTMENT FUNDS,2014,APRIL
JOHN HANCOCK INVESTMENT FUNDS_2014_APRIL_US_3.pdf,JOHN HANCOCK INVESTMENT FUNDS,2014,APRIL
JOHN HANCOCK INVESTMENT FUNDS_2014_APRIL_US.pdf,JOHN HANCOCK INVESTMENT FUNDS,2014,APRIL
"JOHN HANCOCK INVESTMENT MANAGEMENT SERVICES, LLC_NILL_NILL_US.pdf","JOHN HANCOCK INVESTMENT MANAGEMENT SERVICES, LLC",NILL,NILL
JOHN HANCOCK LIFE & HEALTH INSURANCE COMPANY_2015_JANUARY_US.pdf,JOHN HANCOCK LIFE & HEALTH INSURANCE COMPANY,2015,JANUARY
JOHN HANCOCK LIFE& HEALTH INSURANCE COMPANY SEPARATE ACCOUNTS _NILL_OCTOBER_US.pdf,JOHN HANCOCK LIFE& HEALTH INSURANCE COMPANY SEPARATE ACCOUNTS ,NILL,OCTOBER
JOHN HANCOCK LIFE INSURANCE COMPANY_2004_JUNE_US.pdf,JOHN HANCOCK LIFE INSURANCE COMPANY,2004,JUNE
JOHN HANCOCK LIFE INSURANCE COMPANY _2005_SEPTEMBER_US.pdf,JOHN HANCOCK LIFE INSURANCE COMPANY ,2005,SEPTEMBER
JOHN HANCOCK LIFE INSURANCE COMPANY _2006_MAY_US.pdf,JOHN HANCOCK LIFE INSURANCE COMPANY ,2006,MAY
JOHN HANCOCK LIFE INSURANCE COMPANY_2006_SEPTEMBER_US.pdf,JOHN HANCOCK LIFE INSURANCE COMPANY,2006,SEPTEMBER
JOHN HANCOCK LIFE INSURANCE COMPANY _2015_JANUARY_US.pdf,JOHN HANCOCK LIFE INSURANCE COMPANY ,2015,JANUARY
JOHN HANCOCK LIFE INSURANCE COMPANY _NILL_NILL_US_1.pdf,JOHN HANCOCK LIFE INSURANCE COMPANY ,NILL,NILL
JOHN HANCOCK LIFE INSURANCE COMPANY _NILL_NILL_US_2.pdf,JOHN HANCOCK LIFE INSURANCE COMPANY ,NILL,NILL
JOHN HANCOCK LIFE INSURANCE COMPANY _NILL_NILL_US.pdf,JOHN HANCOCK LIFE INSURANCE COMPANY ,NILL,NILL
JOHN HANCOCK MUTUAL LIFE INSURANCE _2000_OCTOBER_US.pdf,JOHN HANCOCK MUTUAL LIFE INSURANCE ,2000,OCTOBER
LEGG MASON COLLECTIVE INVESTMENT TRUST FUNDS_NILL_NILL_US.pdf,LEGG MASON COLLECTIVE INVESTMENT TRUST FUNDS,NILL,NILL
GMO _2003_JUNE_US.pdf,GMO ,2003,JUNE
LEGG MASON ETFS_NILL_NILL_US_1.pdf,LEGG MASON ETFS,NILL,NILL
LEGG MASON ETFS_NILL_NILL_US.pdf,LEGG MASON ETFS,NILL,NILL
LEGG MASON FUNDS_2013_JANUARY_US_1.pdf,LEGG MASON FUNDS,2013,JANUARY
LEGG MASON FUNDS_2013_JANUARY_US.pdf,LEGG MASON FUNDS,2013,JANUARY
LEGG MASON FUNDS_NILL_NILL_US_1.pdf,LEGG MASON FUNDS,NILL,NILL
LEGG MASON FUNDS_NILL_NILL_US_2.pdf,LEGG MASON FUNDS,NILL,NILL
LEGG MASON FUNDS_NILL_NILL_US.pdf,LEGG MASON FUNDS,NILL,NILL
LEGG MASON GLOBAL ASSET ALLOCATION_NILL_NILL_US.pdf,LEGG MASON GLOBAL ASSET ALLOCATION,NILL,NILL
LEGG MASON INCUBATOR ACCOUNTS_2014_SEPTEMBER_US.pdf,LEGG MASON INCUBATOR ACCOUNTS,2014,SEPTEMBER
"LEGG MASON INVESTOR SERVICES, LLC_2012_JUNE_US.pdf","LEGG MASON INVESTOR SERVICES, LLC",2012,JUNE
"LEGG MASON PARTNERS FUND ADVISOR, LLC_2007_JANUARY_US.pdf","LEGG MASON PARTNERS FUND ADVISOR, LLC",2007,JANUARY
"LEGG MASON PARTNERS FUND ADVISOR, LLC.,_2011_MARCH_US_1.pdf","LEGG MASON PARTNERS FUND ADVISOR, LLC.,",2011,MARCH
"LEGG MASON PARTNERS FUND ADVISOR, LLC.,_2011_MARCH_US.pdf","LEGG MASON PARTNERS FUND ADVISOR, LLC.,",2011,MARCH
"LEGG MASON PARTNERS FUND ADVISOR, LLC.,_2012_APRIL_US.pdf","LEGG MASON PARTNERS FUND ADVISOR, LLC.,",2012,APRIL
"LEGG MASON PARTNERS FUND ADVISOR, LLC_NILL_NILL_US_1.pdf","LEGG MASON PARTNERS FUND ADVISOR, LLC",NILL,NILL
"LEGG MASON PARTNERS FUND ADVISOR, LLC_NILL_NILL_US_2.pdf","LEGG MASON PARTNERS FUND ADVISOR, LLC",NILL,NILL
"LEGG MASON PARTNERS FUND ADVISOR, LLC_NILL_NILL_US_3.pdf","LEGG MASON PARTNERS FUND ADVISOR, LLC",NILL,NILL
"LEGG MASON PARTNERS FUND ADVISOR, LLC_NILL_NILL_US.pdf","LEGG MASON PARTNERS FUND ADVISOR, LLC",NILL,NILL
"LEGG MASON PARTNERS FUND ADVISORS, LLC_2012_APRIL_US_1.pdf","LEGG MASON PARTNERS FUND ADVISORS, LLC",2012,APRIL
"LEGG MASON PARTNERS FUND ADVISORS, LLC_2012_APRIL_US.pdf","LEGG MASON PARTNERS FUND ADVISORS, LLC",2012,APRIL
LEGG MASON PARTNERS VARIABLE EQUITY TRUST_2014_OCTOBER_US.pdf,LEGG MASON PARTNERS VARIABLE EQUITY TRUST,2014,OCTOBER
WESTERN ASSET MANAGEMENT_2014_MARCH_US.pdf,WESTERN ASSET MANAGEMENT,2014,MARCH
WESTERN ASSET MORTGAGE REIT_NILL_NILL_US.pdf,WESTERN ASSET MORTGAGE REIT,NILL,NILL
"ROYCE AND ASSOCIATES, LLC_NILL_NILL_US.pdf","ROYCE AND ASSOCIATES, LLC",NILL,NILL
"ROYCE FOCUS TRUST, INC._NILL_NILL_US.pdf","ROYCE FOCUS TRUST, INC.",NILL,NILL
"CLEARBRIDGE ADISORS, LLC_NILL_NILL_US.pdf","CLEARBRIDGE ADISORS, LLC",NILL,NILL
CLEARBRIDGE VISION STRATEGY_NILL_NILL_US.pdf,CLEARBRIDGE VISION STRATEGY,NILL,NILL
MARTIN CURRIE BUSINESS TRUST_2010_OCTOBER_US.pdf,MARTIN CURRIE BUSINESS TRUST,2010,OCTOBER
MARTIN CURRIE BUSINESS TRUST_NILL_NILL_US.pdf,MARTIN CURRIE BUSINESS TRUST,NILL,NILL
JP MORGAN FUTURES_NILL_NILL_US.pdf,JP MORGAN FUTURES,NILL,NILL
BANK OF AMERICA FINANCE LLC_2016_DECEMBER_US.pdf,BANK OF AMERICA FINANCE LLC,2016,DECEMBER
TRANSAMERICA ASSET MANAGEMENT GROUP_2008_MAY_US.pdf,TRANSAMERICA ASSET MANAGEMENT GROUP,2008,MAY
"TRANSAMERICA ASSET MANAGEMENT, INC._NILL_NILL_US.pdf","TRANSAMERICA ASSET MANAGEMENT, INC.",NILL,NILL
TRANSAMERICA CAYMAN FUNDS_NILL_NILL_US.pdf,TRANSAMERICA CAYMAN FUNDS,NILL,NILL
TRANSAMERICA FINANCIAL  LIFE INSURANCE COMAPANY_2011_FEBRUARY_US.pdf,TRANSAMERICA FINANCIAL  LIFE INSURANCE COMAPANY,2011,FEBRUARY
TRANSAMERICA FUNDS_2012_DECEMBER_US_1.pdf,TRANSAMERICA FUNDS,2012,DECEMBER
TRANSAMERICA FUNDS_2012_DECEMBER_US_2.pdf,TRANSAMERICA FUNDS,2012,DECEMBER
TRANSAMERICA FUNDS_2012_DECEMBER_US.pdf,TRANSAMERICA FUNDS,2012,DECEMBER
TRANSAMERICA FUNDS_NILL_NILL_US.pdf,TRANSAMERICA FUNDS,NILL,NILL
"TRANSAMERICA INVESTMENT SERVICES, INC_NILL_NILL_US.pdf","TRANSAMERICA INVESTMENT SERVICES, INC",NILL,NILL
AEGONTRANSAMERICA FUND ADVISORS_2002_JUNE_US.pdf,AEGONTRANSAMERICA FUND ADVISORS,2002,JUNE
"ARTIO GLOBAL BALANCED FUND, LTD._2012_FEBRUARY_US.pdf","ARTIO GLOBAL BALANCED FUND, LTD.",2012,FEBRUARY
ARTIO GLOBAL FUNDS_2011_OCTOBER_US_1.pdf,ARTIO GLOBAL FUNDS,2011,OCTOBER
ARTIO GLOBAL FUNDS_2011_OCTOBER_US.pdf,ARTIO GLOBAL FUNDS,2011,OCTOBER
AIG CAPITAL MANAGEMENT _NILL_NILL_US.pdf,AIG CAPITAL MANAGEMENT ,NILL,NILL
AIG OVERSEAS POOL LLC_2011_MARCH_US.pdf,AIG OVERSEAS POOL LLC,2011,MARCH
SUNAMERICA_2013_OCTOBER_US.pdf,SUNAMERICA,2013,OCTOBER
"AMERICAN BEACON ADVISORS, INC._2017_SEPTEMBER_US.pdf","AMERICAN BEACON ADVISORS, INC.",2017,SEPTEMBER
AMERICAN BEACON FUNDS_2014_JANUARY_US.pdf,AMERICAN BEACON FUNDS,2014,JANUARY
AMERICAN BEACON FUNDS_2016_JANUARY_US.pdf,AMERICAN BEACON FUNDS,2016,JANUARY
"AMERICAN CENTURY INVESTMENT MANAGEMENT, INC._2011_AUGUST_US.pdf","AMERICAN CENTURY INVESTMENT MANAGEMENT, INC.",2011,AUGUST
"AMERICAN CENTURY INVESTMENT MANAGEMENT, INC._2011_JULY_US.pdf","AMERICAN CENTURY INVESTMENT MANAGEMENT, INC.",2011,JULY
"AMERICAN CENTURY INVESTMENT MANAGEMENT, INC._2014_APRIL_US.pdf","AMERICAN CENTURY INVESTMENT MANAGEMENT, INC.",2014,APRIL
AMERICAN CENTURY INVESTMENT MANAGEMENT INC._2017_OCTOBER_US_1.pdf,AMERICAN CENTURY INVESTMENT MANAGEMENT INC.,2017,OCTOBER
AMERICAN CENTURY INVESTMENT MANAGEMENT INC._2017_OCTOBER_US.pdf,AMERICAN CENTURY INVESTMENT MANAGEMENT INC.,2017,OCTOBER
"AMERICAN CENTURY INVESTMENTS, INC._2011_AUGUST_US_1.pdf","AMERICAN CENTURY INVESTMENTS, INC.",2011,AUGUST
"AMERICAN CENTURY INVESTMENTS, INC._2011_AUGUST_US.pdf","AMERICAN CENTURY INVESTMENTS, INC.",2011,AUGUST
"AMERICAN CENTURY INVESTMENTS, INC._NILL_MAY_US.pdf","AMERICAN CENTURY INVESTMENTS, INC.",NILL,MAY
AMERICAN CENTURY LIQUID ALTERNATIVE FUNDS_NILL_MAY_US.pdf,AMERICAN CENTURY LIQUID ALTERNATIVE FUNDS,NILL,MAY
AMERICAN EQUITY INVESTMENT LIFE INSURANCE COMPANY_2013_JANUARY_US.pdf,AMERICAN EQUITY INVESTMENT LIFE INSURANCE COMPANY,2013,JANUARY
AMERICAN GENERAL_2002_JANUARY_US.pdf,AMERICAN GENERAL,2002,JANUARY
AMERICAN GENERAL FINANCE CORPORATION_2011_JANUARY_US.pdf,AMERICAN GENERAL FINANCE CORPORATION,2011,JANUARY
AMERICAN ODYSSEY FUNDS_1997_APRIL_US.pdf,AMERICAN ODYSSEY FUNDS,1997,APRIL
AMERICAN ODYSSEY FUNDS_2000_MAY_US.pdf,AMERICAN ODYSSEY FUNDS,2000,MAY
AMERICO LIFE INC_2004_MARCH_US.pdf,AMERICO LIFE INC,2004,MARCH
VALIC_2010_JANUARY_US.pdf,VALIC,2010,JANUARY
SUN LIFE ASSURANCE COMPANY OF CANADA(U.S.)_2011_APRIL_US.pdf,SUN LIFE ASSURANCE COMPANY OF CANADA(U.S.),2011,APRIL
SUN LIFE ASSURANCE COMPANY OF CANADA(U.S.)_2013_DECEMBER_US.pdf,SUN LIFE ASSURANCE COMPANY OF CANADA(U.S.),2013,DECEMBER
MFS COLLECTIVE INVESTMENT TRUSTS_2015_OCTOBER_US.pdf,MFS COLLECTIVE INVESTMENT TRUSTS,2015,OCTOBER
MFS COLLECTIVE INVESTMENT TRUSTS_2016_OCTOBER_US.pdf,MFS COLLECTIVE INVESTMENT TRUSTS,2016,OCTOBER
MFS HERITAGE TRUST COMPANY_2011_JANUARY_US.pdf,MFS HERITAGE TRUST COMPANY,2011,JANUARY
MFS HERITAGE TRUST COMPANY_NILL_NILL_US.pdf,MFS HERITAGE TRUST COMPANY,NILL,NILL
"MFS INSTITUTIONAL ADVISORS, INC._NILL_NILL_US.pdf","MFS INSTITUTIONAL ADVISORS, INC.",NILL,NILL
MFS RETAIL FUNDS_2015_OCTOBER_US_1.pdf,MFS RETAIL FUNDS,2015,OCTOBER
MFS RETAIL FUNDS_2015_OCTOBER_US_2.pdf,MFS RETAIL FUNDS,2015,OCTOBER
MFS RETAIL FUNDS_2015_OCTOBER_US.pdf,MFS RETAIL FUNDS,2015,OCTOBER
MFS RETAIL FUNDS_2016_OCTOBER_US_1.pdf,MFS RETAIL FUNDS,2016,OCTOBER
MFS RETAIL FUNDS_2016_OCTOBER_US_2.pdf,MFS RETAIL FUNDS,2016,OCTOBER
MFS RETAIL FUNDS_2016_OCTOBER_US.pdf,MFS RETAIL FUNDS,2016,OCTOBER
WELLS CAPITAL MANAGEMENT INC._2015_JUNE_US.pdf,WELLS CAPITAL MANAGEMENT INC.,2015,JUNE
WELLS FARGO ADVANTAGE FUNDS_2009_NILL_US.pdf,WELLS FARGO ADVANTAGE FUNDS,2009,NILL
WELLS FARGO ADVANTAGE FUNDS_2014_AUGUST_US_1.pdf,WELLS FARGO ADVANTAGE FUNDS,2014,AUGUST
WELLS FARGO ADVANTAGE FUNDS_2014_AUGUST_US.pdf,WELLS FARGO ADVANTAGE FUNDS,2014,AUGUST
WELLS FARGO ADVANTAGE FUNDS_2014_JULY_US.pdf,WELLS FARGO ADVANTAGE FUNDS,2014,JULY
"WELLS FARGO FUNDS MANAGEMENT, LLC_2009_DECEMBER_US.pdf","WELLS FARGO FUNDS MANAGEMENT, LLC",2009,DECEMBER
"WELLS FARGO FUNDS MANAGEMENT, LLC_2014_JULY_US.pdf","WELLS FARGO FUNDS MANAGEMENT, LLC",2014,JULY
WELLS FORGO SECURITIES LLC_2011_DECEMBER_US.pdf,WELLS FORGO SECURITIES LLC,2011,DECEMBER
"WACHOVIA BANK, NATIONAL ASSOCIATION_2005_JULY_US.pdf","WACHOVIA BANK, NATIONAL ASSOCIATION",2005,JULY
LORD ABBETT FAMILY OF FUNDS_2012_JULY_US_1.pdf,LORD ABBETT FAMILY OF FUNDS,2012,JULY
LORD ABBETT FAMILY OF FUNDS_2012_JULY_US.pdf,LORD ABBETT FAMILY OF FUNDS,2012,JULY
GANNETT WELSH & KOTLER LLC_NILL_NILL_US.pdf,GANNETT WELSH & KOTLER LLC,NILL,NILL
GENESIS EMERGING MARKETS BUSINESS TRUST_2015_MARCH_US.pdf,GENESIS EMERGING MARKETS BUSINESS TRUST,2015,MARCH
GENESIS INVESTMENT MANAGEMENT LIMITED_2007_JANUARY_US.pdf,GENESIS INVESTMENT MANAGEMENT LIMITED,2007,JANUARY
GENESIS INVESTMENT MANAGEMENT LIMITED_2012_JANUARY_US.pdf,GENESIS INVESTMENT MANAGEMENT LIMITED,2012,JANUARY
GENESIS INVESTMENT MANAGEMENT LIMITED_NILL_NILL_US_1.pdf,GENESIS INVESTMENT MANAGEMENT LIMITED,NILL,NILL
GMO_NILL_MAY_US_1.pdf,GMO,NILL,MAY
GENESIS INVESTMENT MANAGEMENT LIMITED_NILL_NILL_US_2.pdf,GENESIS INVESTMENT MANAGEMENT LIMITED,NILL,NILL
GENESIS INVESTMENT MANAGEMENT LIMITED_NILL_NILL_US_3.pdf,GENESIS INVESTMENT MANAGEMENT LIMITED,NILL,NILL
GENESIS INVESTMENT MANAGEMENT LIMITED_NILL_NILL_US.pdf,GENESIS INVESTMENT MANAGEMENT LIMITED,NILL,NILL
GENESIS INVESTMENT MANAGEMENT LIMITED_NILL_OCTOBER_US.pdf,GENESIS INVESTMENT MANAGEMENT LIMITED,NILL,OCTOBER
GENESIS INVESTMENT MANAGEMENT LLP_2013_SEPTEMBER_US_1.pdf,GENESIS INVESTMENT MANAGEMENT LLP,2013,SEPTEMBER
GENESIS INVESTMENT MANAGEMENT LLP_2013_SEPTEMBER_US_2.pdf,GENESIS INVESTMENT MANAGEMENT LLP,2013,SEPTEMBER
GENESIS INVESTMENT MANAGEMENT LLP_2013_SEPTEMBER_US.pdf,GENESIS INVESTMENT MANAGEMENT LLP,2013,SEPTEMBER
"GENESIS INVESTMENT MANAGEMENT, LLP_NILL_NILL_US.pdf","GENESIS INVESTMENT MANAGEMENT, LLP",NILL,NILL
GENESIS INVESTMENT MANAGEMENT LP_2010_OCTOBER_US.pdf,GENESIS INVESTMENT MANAGEMENT LP,2010,OCTOBER
"TRILOGY GLOBAL AVDVISORS, LP_NILL_NILL_US.pdf","TRILOGY GLOBAL AVDVISORS, LP",NILL,NILL
"CHARLES SCHWAB INVESTMENT MANAGEMENT, INC._2015_OCTOBER_US_1.pdf","CHARLES SCHWAB INVESTMENT MANAGEMENT, INC.",2015,OCTOBER
"CHARLES SCHWAB INVESTMENT MANAGEMENT, INC._2015_OCTOBER_US_2.pdf","CHARLES SCHWAB INVESTMENT MANAGEMENT, INC.",2015,OCTOBER
"CHARLES SCHWAB INVESTMENT MANAGEMENT, INC._2015_OCTOBER_US.pdf","CHARLES SCHWAB INVESTMENT MANAGEMENT, INC.",2015,OCTOBER
CHARLES SCHWAB INVESTMENT MANAGEMENT INC._NILL_NILL_US.pdf,CHARLES SCHWAB INVESTMENT MANAGEMENT INC.,NILL,NILL
CHARLES SCHWAB TRUST COMPANY_2004_AUGUST_US.pdf,CHARLES SCHWAB TRUST COMPANY,2004,AUGUST
DODGE & COX FUNDS_2014_JANUARY_US.pdf,DODGE & COX FUNDS,2014,JANUARY
DODGE & COX FUNDS_2015_JANUARY_US.pdf,DODGE & COX FUNDS,2015,JANUARY
DODGE & COX FUNDS_2016_JANUARY_US.pdf,DODGE & COX FUNDS,2016,JANUARY
"DODGE & COX INTERNATION STOCK FUND CAYMAN, LTD._2014_JANUARY_US_1.pdf","DODGE & COX INTERNATION STOCK FUND CAYMAN, LTD.",2014,JANUARY
"DODGE & COX INTERNATION STOCK FUND CAYMAN, LTD._2014_JANUARY_US.pdf","DODGE & COX INTERNATION STOCK FUND CAYMAN, LTD.",2014,JANUARY
DODGE & COX _NILL_NILL_US.pdf,DODGE & COX ,NILL,NILL
CARLYLE GLOBAL MARET STRATEGIES CLO 2012-2 LTD._NILL_NILL_US.pdf,CARLYLE GLOBAL MARET STRATEGIES CLO 2012-2 LTD.,NILL,NILL
CARLYLE GLOBAL MARET STRATEGIES CLO 2013-1 LTD._NILL_NILL_US.pdf,CARLYLE GLOBAL MARET STRATEGIES CLO 2013-1 LTD.,NILL,NILL
CARLYLE GLOBAL MARKET STRATEGIES CLO 2011-1 LTD._NILL_NILL_US.pdf,CARLYLE GLOBAL MARKET STRATEGIES CLO 2011-1 LTD.,NILL,NILL
CARLYLE GLOBAL MARKET STRATEGIES CLO 2012-3 LTD._NILL_NILL_US.pdf,CARLYLE GLOBAL MARKET STRATEGIES CLO 2012-3 LTD.,NILL,NILL
CARLYLE GLOBAL MARKET STRATEGIES CLO 2012-4 LTD._NILL_NILL_US_1.pdf,CARLYLE GLOBAL MARKET STRATEGIES CLO 2012-4 LTD.,NILL,NILL
CARLYLE GLOBAL MARKET STRATEGIES CLO 2012-4 LTD._NILL_NILL_US_2.pdf,CARLYLE GLOBAL MARKET STRATEGIES CLO 2012-4 LTD.,NILL,NILL
CARLYLE GLOBAL MARKET STRATEGIES CLO 2012-4 LTD._NILL_NILL_US.pdf,CARLYLE GLOBAL MARKET STRATEGIES CLO 2012-4 LTD.,NILL,NILL
CARLYLE GLOBAL MARKET STRATEGIES CLO 2013-2 LTD._NILL_NILL_US.pdf,CARLYLE GLOBAL MARKET STRATEGIES CLO 2013-2 LTD.,NILL,NILL
CARLYLE GLOBAL MARKET STRATEGIES CLO 2013-3 LTD._NILL_NILL_US.pdf,CARLYLE GLOBAL MARKET STRATEGIES CLO 2013-3 LTD.,NILL,NILL
CARLYLE GLOBAL MARKET STRATEGIES CLO 2014-2 LTD._NILL_NILL_US_1.pdf,CARLYLE GLOBAL MARKET STRATEGIES CLO 2014-2 LTD.,NILL,NILL
CARLYLE GLOBAL MARKET STRATEGIES CLO 2014-2 LTD._NILL_NILL_US.pdf,CARLYLE GLOBAL MARKET STRATEGIES CLO 2014-2 LTD.,NILL,NILL
CARLYLE GLOBAL MARKET STRATEGIES CLO 2014-3 LTD._NILL_NILL_US.pdf,CARLYLE GLOBAL MARKET STRATEGIES CLO 2014-3 LTD.,NILL,NILL
CARLYLE GLOBAL MARKET STRATEGIES CLO 2014-4 LTD._NILL_NILL_US.pdf,CARLYLE GLOBAL MARKET STRATEGIES CLO 2014-4 LTD.,NILL,NILL
CARLYLE GLOBAL MARKET STRATEGIES CLO 2015-1 LTD_NILL_NILL_US.pdf,CARLYLE GLOBAL MARKET STRATEGIES CLO 2015-1 LTD,NILL,NILL
CARLYLE GLOBAL MARKET STRATEGIES CLO 2015-2 LTD_NILL_NILL_US.pdf,CARLYLE GLOBAL MARKET STRATEGIES CLO 2015-2 LTD,NILL,NILL
"CARLYLE GLOBAL MARKET STRATEGIES COMMODITIES FUNDING 2014-1,LTD_NILL_NILL_US.pdf","CARLYLE GLOBAL MARKET STRATEGIES COMMODITIES FUNDING 2014-1,LTD",NILL,NILL
"CARLYLE GLOBAL MARKET STRATEGIES EURO, B.V. 2013-1_NILL_NILL_US.pdf","CARLYLE GLOBAL MARKET STRATEGIES EURO, B.V. 2013-1",NILL,NILL
CARLYLE GLOBAL MARKET STRATEGIES EURO CLO 2013-2 LTD._NILL_NILL_US_1.pdf,CARLYLE GLOBAL MARKET STRATEGIES EURO CLO 2013-2 LTD.,NILL,NILL
CARLYLE GLOBAL MARKET STRATEGIES EURO CLO 2013-2 LTD._NILL_NILL_US.pdf,CARLYLE GLOBAL MARKET STRATEGIES EURO CLO 2013-2 LTD.,NILL,NILL
CARLYLE GLOBAL MARKET STRATEGIES EURO CLO 2014-1 LTD._NILL_NILL_US_1.pdf,CARLYLE GLOBAL MARKET STRATEGIES EURO CLO 2014-1 LTD.,NILL,NILL
CARLYLE GLOBAL MARKET STRATEGIES EURO CLO 2014-1 LTD._NILL_NILL_US.pdf,CARLYLE GLOBAL MARKET STRATEGIES EURO CLO 2014-1 LTD.,NILL,NILL
CARLYLE GLOBAL MARKET STRATEGIES EURO CLO 2014-2 LTD._NILL_NILL_US.pdf,CARLYLE GLOBAL MARKET STRATEGIES EURO CLO 2014-2 LTD.,NILL,NILL
CARLYLE GLOBAL MARKET STRATEGIES EURO CLO 2014-4 LIMITED_NILL_NILL_US_1.pdf,CARLYLE GLOBAL MARKET STRATEGIES EURO CLO 2014-4 LIMITED,NILL,NILL
CARLYLE GLOBAL MARKET STRATEGIES EURO CLO 2014-4 LIMITED_NILL_NILL_US.pdf,CARLYLE GLOBAL MARKET STRATEGIES EURO CLO 2014-4 LIMITED,NILL,NILL
"CARLYLE GMS FINANCE, INC._2012_MARCH_US.pdf","CARLYLE GMS FINANCE, INC.",2012,MARCH
UNIVERSAL LIFE INSURANCE COMPANY_2007_JANUARY_US.pdf,UNIVERSAL LIFE INSURANCE COMPANY,2007,JANUARY
UNIVERSAL PROPERTY AND CASUALITY_2013_APRIL_US.pdf,UNIVERSAL PROPERTY AND CASUALITY,2013,APRIL
TCW ASSET MANAGEMENT COMPANY_2014_SEPTEMBER_US.pdf,TCW ASSET MANAGEMENT COMPANY,2014,SEPTEMBER
TCW DIRECT LENDING LLC_2014_JULY_US.pdf,TCW DIRECT LENDING LLC,2014,JULY
TCW INVESTMENT MANAGEMENT COMPANY_NILL_NILL_US.pdf,TCW INVESTMENT MANAGEMENT COMPANY,NILL,NILL
TCW SPECIAL SITUATIONS LLC_2013_SEPTEMBER_US.pdf,TCW SPECIAL SITUATIONS LLC,2013,SEPTEMBER
"TCW STRATEGIC INCOME FUND, INC._2007_JUNE_US.pdf","TCW STRATEGIC INCOME FUND, INC.",2007,JUNE
PACIFIC LIFE FUND ADVISORS LLC_2015_DECEMBER_US.pdf,PACIFIC LIFE FUND ADVISORS LLC,2015,DECEMBER
PACIFIC LIFE FUND ADVISORS LLC_NILL_NILL_US_1.pdf,PACIFIC LIFE FUND ADVISORS LLC,NILL,NILL
PACIFIC LIFE FUND ADVISORS LLC_NILL_NILL_US_2.pdf,PACIFIC LIFE FUND ADVISORS LLC,NILL,NILL
PACIFIC LIFE FUND ADVISORS LLC_NILL_NILL_US_3.pdf,PACIFIC LIFE FUND ADVISORS LLC,NILL,NILL
PACIFIC LIFE FUND ADVISORS LLC_NILL_NILL_US.pdf,PACIFIC LIFE FUND ADVISORS LLC,NILL,NILL
GMO AGGRESSIVE LONGSHORT MASTER PORTFOLIO_NILL_NILL_US.pdf,GMO AGGRESSIVE LONGSHORT MASTER PORTFOLIO,NILL,NILL
"GMO ALPHA LIBOR(OFFSHORE), L.P. SERIES_2009_FEBRUARY_US_1.pdf","GMO ALPHA LIBOR(OFFSHORE), L.P. SERIES",2009,FEBRUARY
"GMO ALPHA LIBOR(OFFSHORE), L.P. SERIES_2009_FEBRUARY_US.pdf","GMO ALPHA LIBOR(OFFSHORE), L.P. SERIES",2009,FEBRUARY
GMO COMPLETION FUND MASTER PORTFOLIO_NILL_NILL_US_1.pdf,GMO COMPLETION FUND MASTER PORTFOLIO,NILL,NILL
GMO COMPLETION FUND MASTER PORTFOLIO_NILL_NILL_US.pdf,GMO COMPLETION FUND MASTER PORTFOLIO,NILL,NILL
GMO DIVERSIFIED FUTURES MASTER PORTFOLIO_2002_SEPTEMBER_US.pdf,GMO DIVERSIFIED FUTURES MASTER PORTFOLIO,2002,SEPTEMBER
GMO EMERGING COUNTRY DEBT LIMITED PARTNERSHIP_NILL_DECEMBER_US.pdf,GMO EMERGING COUNTRY DEBT LIMITED PARTNERSHIP,NILL,DECEMBER
"GMO EMERGING COUNTRY LOCAL DEBT FUND (ONSHORE), L.P._2014_OCTOBER_US_1.pdf","GMO EMERGING COUNTRY LOCAL DEBT FUND (ONSHORE), L.P.",2014,OCTOBER
"GMO EMERGING COUNTRY LOCAL DEBT FUND (ONSHORE), L.P._2014_OCTOBER_US_2.pdf","GMO EMERGING COUNTRY LOCAL DEBT FUND (ONSHORE), L.P.",2014,OCTOBER
GMO FUNDS_2017_OCTOBER_US.pdf,GMO FUNDS,2017,OCTOBER
"GMO EMERGING COUNTRY LOCAL DEBT FUND (ONSHORE), L.P._2014_OCTOBER_US.pdf","GMO EMERGING COUNTRY LOCAL DEBT FUND (ONSHORE), L.P.",2014,OCTOBER
GMO INTERNATIONAL EQUITY EXTENSION FUND (ONSHORE)_NILL_NILL_US.pdf,GMO INTERNATIONAL EQUITY EXTENSION FUND (ONSHORE),NILL,NILL
GMO MARKET NEUTRAL MASTER PORTFOLIO_NILL_NILL_US.pdf,GMO MARKET NEUTRAL MASTER PORTFOLIO,NILL,NILL
GMO MEAN REVERSION FUND _NILL_NILL_US.pdf,GMO MEAN REVERSION FUND ,NILL,NILL
"GMO MEAN REVERSION SPECIAL SOLUTION FUND, L.P._NILL_OCTOBER_US_1.pdf","GMO MEAN REVERSION SPECIAL SOLUTION FUND, L.P.",NILL,OCTOBER
"GMO MEAN REVERSION SPECIAL SOLUTION FUND, L.P._NILL_OCTOBER_US.pdf","GMO MEAN REVERSION SPECIAL SOLUTION FUND, L.P.",NILL,OCTOBER
GMO MULTI-STRATEGY FUND_NILL_NILL_US.pdf,GMO MULTI-STRATEGY FUND,NILL,NILL
GMO _NILL_NILL_US.pdf,GMO ,NILL,NILL
GMO PAN EUROPEAN LONG SHORT EQIOTY MASTER PORTFOLIO_NILL_NILL_US.pdf,GMO PAN EUROPEAN LONG SHORT EQIOTY MASTER PORTFOLIO,NILL,NILL
GMO SERIES TRUST_2011_OCTOBER_US_1.pdf,GMO SERIES TRUST,2011,OCTOBER
GMO SERIES TRUST_2011_OCTOBER_US.pdf,GMO SERIES TRUST,2011,OCTOBER
GMO SERIES TRUST_2016_JANUARY_US.pdf,GMO SERIES TRUST,2016,JANUARY
GMO SERIES TRUST_NILL_OCTOBER_US.pdf,GMO SERIES TRUST,NILL,OCTOBER
GMO TACTICAL OPPORTUNITIES FUND_NILL_NILL_US.pdf,GMO TACTICAL OPPORTUNITIES FUND,NILL,NILL
GMO TAX- MANAGEMENT ABSOLUTE RETURN FUND_NILL_NILL_US.pdf,GMO TAX- MANAGEMENT ABSOLUTE RETURN FUND,NILL,NILL
GMO TRUST_1995_JULY_US.pdf,GMO TRUST,1995,JULY
GMO TRUST_2008_JULY_US.pdf,GMO TRUST,2008,JULY
GMO TRUST_2014_JULY_US_1.pdf,GMO TRUST,2014,JULY
GMO TRUST_2014_JULY_US_2.pdf,GMO TRUST,2014,JULY
GMO TRUST_2014_JULY_US_3.pdf,GMO TRUST,2014,JULY
GMO TRUST_2014_JULY_US_4.pdf,GMO TRUST,2014,JULY
GMO TRUST_2014_JULY_US.pdf,GMO TRUST,2014,JULY
GMO TRUST_NILL_JANUARY_US_1.pdf,GMO TRUST,NILL,JANUARY
GMO TRUST_NILL_JANUARY_US_2.pdf,GMO TRUST,NILL,JANUARY
GMO TRUST_NILL_JANUARY_US_3.pdf,GMO TRUST,NILL,JANUARY
GMO TRUST_NILL_JANUARY_US.pdf,GMO TRUST,NILL,JANUARY
"MERRILL LYNCH, FIERCE FENNER & SMITH INCORPORATED_NILL_NILL_US_1.pdf","MERRILL LYNCH, FIERCE FENNER & SMITH INCORPORATED",NILL,NILL
"MERRILL LYNCH, FIERCE FENNER & SMITH INCORPORATED_NILL_NILL_US.pdf","MERRILL LYNCH, FIERCE FENNER & SMITH INCORPORATED",NILL,NILL
MERRILL LYNCH INSTITUTIONAL FUND_NILL_NILL_US_1.pdf,MERRILL LYNCH INSTITUTIONAL FUND,NILL,NILL
MERRILL LYNCH INSTITUTIONAL FUND_NILL_NILL_US.pdf,MERRILL LYNCH INSTITUTIONAL FUND,NILL,NILL
MERRILL LYNCH INVESTMENT MANAGER_NILL_NILL_US_1.pdf,MERRILL LYNCH INVESTMENT MANAGER,NILL,NILL
MERRILL LYNCH INVESTMENT MANAGER_NILL_NILL_US_2.pdf,MERRILL LYNCH INVESTMENT MANAGER,NILL,NILL
MERRILL LYNCH INVESTMENT MANAGER_NILL_NILL_US.pdf,MERRILL LYNCH INVESTMENT MANAGER,NILL,NILL
FEDERATED FUNDS_2016_JUNE_US.pdf,FEDERATED FUNDS,2016,JUNE
"MERRILL LYNCH INVESTMENT MANAGERS, L.P._2001_JANUARY_US.pdf","MERRILL LYNCH INVESTMENT MANAGERS, L.P.",2001,JANUARY
"MERRILL LYNCH INVESTMENT MANAGERS, L.P._NILL_NILL_US.pdf","MERRILL LYNCH INVESTMENT MANAGERS, L.P.",NILL,NILL
"MERRILL LYNCH, PIERCE FENNER & SMITH INCORPORATED_NILL_NILL_US.pdf","MERRILL LYNCH, PIERCE FENNER & SMITH INCORPORATED",NILL,NILL
"HARTFORD FUND MANAGEMENT COMPANY, LLC_NILL_NILL_US_1.pdf","HARTFORD FUND MANAGEMENT COMPANY, LLC",NILL,NILL
"HARTFORD FUND MANAGEMENT COMPANY, LLC_NILL_NILL_US.pdf","HARTFORD FUND MANAGEMENT COMPANY, LLC",NILL,NILL
HARTFORD FUNDS_2014_DECEMBER_US_1.pdf,HARTFORD FUNDS,2014,DECEMBER
HARTFORD FUNDS_2014_DECEMBER_US_2.pdf,HARTFORD FUNDS,2014,DECEMBER
HARTFORD FUNDS_2014_DECEMBER_US_3.pdf,HARTFORD FUNDS,2014,DECEMBER
HARTFORD FUNDS_2014_DECEMBER_US_4.pdf,HARTFORD FUNDS,2014,DECEMBER
HARTFORD FUNDS_2014_DECEMBER_US.pdf,HARTFORD FUNDS,2014,DECEMBER
"HARTFORD FUNDS MANAGEMENT COMPANY, LLC_NILL_NILL_US.pdf","HARTFORD FUNDS MANAGEMENT COMPANY, LLC",NILL,NILL
HARTFORD LIFE INSURANCE COMPANY_2015_APRIL_US.pdf,HARTFORD LIFE INSURANCE COMPANY,2015,APRIL
HARTFORD LIFE INSURANCE COMPANY_2015_FEBRUARY_US_1.pdf,HARTFORD LIFE INSURANCE COMPANY,2015,FEBRUARY
HARTFORD LIFE INSURANCE COMPANY_2015_FEBRUARY_US_2.pdf,HARTFORD LIFE INSURANCE COMPANY,2015,FEBRUARY
HARTFORD LIFE INSURANCE COMPANY_2015_FEBRUARY_US_3.pdf,HARTFORD LIFE INSURANCE COMPANY,2015,FEBRUARY
HARBOR FUNDS_2011_MARCH_US.pdf,HARBOR FUNDS,2011,MARCH
HARTFORD LIFE INSURANCE COMPANY_2015_FEBRUARY_US_4.pdf,HARTFORD LIFE INSURANCE COMPANY,2015,FEBRUARY
HARTFORD LIFE INSURANCE COMPANY_2015_FEBRUARY_US.pdf,HARTFORD LIFE INSURANCE COMPANY,2015,FEBRUARY
LATTICE STRATEGIES TRUST_2014_SEPTEMBER_US_1.pdf,LATTICE STRATEGIES TRUST,2014,SEPTEMBER
LATTICE STRATEGIES TRUST_2014_SEPTEMBER_US_2.pdf,LATTICE STRATEGIES TRUST,2014,SEPTEMBER
LATTICE STRATEGIES TRUST_2014_SEPTEMBER_US_3.pdf,LATTICE STRATEGIES TRUST,2014,SEPTEMBER
LATTICE STRATEGIES TRUST_2014_SEPTEMBER_US_4.pdf,LATTICE STRATEGIES TRUST,2014,SEPTEMBER
LATTICE STRATEGIES TRUST_2014_SEPTEMBER_US_5.pdf,LATTICE STRATEGIES TRUST,2014,SEPTEMBER
LATTICE STRATEGIES TRUST_2014_SEPTEMBER_US.pdf,LATTICE STRATEGIES TRUST,2014,SEPTEMBER
GARTMORE MORLEY COLLECTIVE TRUSTS_NILL_NILL_US_1.pdf,GARTMORE MORLEY COLLECTIVE TRUSTS,NILL,NILL
GARTMORE MORLEY COLLECTIVE TRUSTS_NILL_NILL_US.pdf,GARTMORE MORLEY COLLECTIVE TRUSTS,NILL,NILL
TEACHERS INSURANCE AND ANNUITY ASSOCIATION OF AMERICA_2008_MARCH_US.pdf,TEACHERS INSURANCE AND ANNUITY ASSOCIATION OF AMERICA,2008,MARCH
TEACHERS INSURANCE AND ANNUITY ASSOCIATION OF AMERICA_2015_SEPTEMBER_US.pdf,TEACHERS INSURANCE AND ANNUITY ASSOCIATION OF AMERICA,2015,SEPTEMBER
NEUBERGER BERMAN FIXED INCOME LLC_2014_APRIL_US.pdf,NEUBERGER BERMAN FIXED INCOME LLC,2014,APRIL
NEUBERGER BERMAN FUNDS_2014_JUNE_US_1.pdf,NEUBERGER BERMAN FUNDS,2014,JUNE
NEUBERGER BERMAN FUNDS_2014_JUNE_US_2.pdf,NEUBERGER BERMAN FUNDS,2014,JUNE
NEUBERGER BERMAN FUNDS_2014_JUNE_US.pdf,NEUBERGER BERMAN FUNDS,2014,JUNE
NEUBERGER BERMAN FUNDS_2015_JUNE_US_1.pdf,NEUBERGER BERMAN FUNDS,2015,JUNE
NEUBERGER BERMAN FUNDS_2015_JUNE_US.pdf,NEUBERGER BERMAN FUNDS,2015,JUNE
NEUBERGER BERMAN FUNDS_2015_MARCH_US_1.pdf,NEUBERGER BERMAN FUNDS,2015,MARCH
NEUBERGER BERMAN FUNDS_2015_MARCH_US.pdf,NEUBERGER BERMAN FUNDS,2015,MARCH
NEUBERGER BERMAN FUNDS_NILL_JUNE_US.pdf,NEUBERGER BERMAN FUNDS,NILL,JUNE
NEUBERGER BERMAN FUNDS_NILL_NILL_US.pdf,NEUBERGER BERMAN FUNDS,NILL,NILL
NEUBERGER BERMAN HIGH YIELD BOND FUND LLC_2007_JANUARY_US.pdf,NEUBERGER BERMAN HIGH YIELD BOND FUND LLC,2007,JANUARY
NEUBERGER BERMAN LLC ACCOUNTS _2011_MAY_US.pdf,NEUBERGER BERMAN LLC ACCOUNTS ,2011,MAY
NEUBERGER BERMAN MANAGEMENT LLC_NILL_NILL_US.pdf,NEUBERGER BERMAN MANAGEMENT LLC,NILL,NILL
"NEUBERGER BERMAN MANAGEMENT, LLC_NILL_NILL_US.pdf","NEUBERGER BERMAN MANAGEMENT, LLC",NILL,NILL
NEUBERGER BERMAN_NILL_NILL_US.pdf,NEUBERGER BERMAN,NILL,NILL
NEUBERGER BERMAN TRUST COMPANY N.A._2011_APRIL_US.pdf,NEUBERGER BERMAN TRUST COMPANY N.A.,2011,APRIL
NEUBERGER BERMAN TRUST COMPANY NATIONAL ASSOCIATION_2015_MAY_US.pdf,NEUBERGER BERMAN TRUST COMPANY NATIONAL ASSOCIATION,2015,MAY
FEDERATED ADMINISTRATIVE SERVICES_2011_OCTOBER_US_1.pdf,FEDERATED ADMINISTRATIVE SERVICES,2011,OCTOBER
FEDERATED ADMINISTRATIVE SERVICES_2011_OCTOBER_US.pdf,FEDERATED ADMINISTRATIVE SERVICES,2011,OCTOBER
"FEDERATED ADMINISTRATIVE SERVICES, INC._2014_JANUARY_US.pdf","FEDERATED ADMINISTRATIVE SERVICES, INC.",2014,JANUARY
FEDERATED EQUITY MANAGEMENT COMPANY OF PENNSYLVANIA_NILL_NILL_US.pdf,FEDERATED EQUITY MANAGEMENT COMPANY OF PENNSYLVANIA,NILL,NILL
FEDERATED FUNDS_2004_JANUARY_US.pdf,FEDERATED FUNDS,2004,JANUARY
FEDERATED FUNDS_2011_MARCH_US_1.pdf,FEDERATED FUNDS,2011,MARCH
FEDERATED FUNDS_2011_MARCH_US.pdf,FEDERATED FUNDS,2011,MARCH
FEDERATED FUNDS_2667_JANUARY_US.pdf,FEDERATED FUNDS,2667,JANUARY
FEDERATED GLOBAL INVESTMENT MANAGEMENT CORP._NILL_NILL_US.pdf,FEDERATED GLOBAL INVESTMENT MANAGEMENT CORP.,NILL,NILL
FEDERATED INVESTMENT COUNSELING_2013_MARCH_US.pdf,FEDERATED INVESTMENT COUNSELING,2013,MARCH
FEDERATED INVESTMENT MANAGEMENT COMPANY_NILL_NILL_US.pdf,FEDERATED INVESTMENT MANAGEMENT COMPANY,NILL,NILL
"ARTISAN FUNDS, INC._2012_JANUARY_US_1.pdf","ARTISAN FUNDS, INC.",2012,JANUARY
"ARTISAN FUNDS, INC._2012_JANUARY_US.pdf","ARTISAN FUNDS, INC.",2012,JANUARY
"ARTISAN PARTNERS FUNDS, INC._2014_JANUARY_US.pdf","ARTISAN PARTNERS FUNDS, INC.",2014,JANUARY
"ARTISAN PARTNERS FUNDS, INC._NILL_NILL_US.pdf","ARTISAN PARTNERS FUNDS, INC.",NILL,NILL
ARTISAN PARTNERS GLOBAL FUNDS PLC._NILL_NILL_US_1.pdf,ARTISAN PARTNERS GLOBAL FUNDS PLC.,NILL,NILL
ARTISAN PARTNERS GLOBAL FUNDS PLC._NILL_NILL_US.pdf,ARTISAN PARTNERS GLOBAL FUNDS PLC.,NILL,NILL
ARTISAN PARTNERS LAUNCH EQUITY LP_NILL_NILL_US.pdf,ARTISAN PARTNERS LAUNCH EQUITY LP,NILL,NILL
ARTISAN PARTNERS LIMITED_2012_DECEMBER_US.pdf,ARTISAN PARTNERS LIMITED,2012,DECEMBER
ARTISAN PARTNERS LIMITED PARTNERSHIP_2012_DECEMBER_US_1.pdf,ARTISAN PARTNERS LIMITED PARTNERSHIP,2012,DECEMBER
ARTISAN PARTNERS LIMITED PARTNERSHIP_2012_DECEMBER_US_2.pdf,ARTISAN PARTNERS LIMITED PARTNERSHIP,2012,DECEMBER
ARTISAN PARTNERS LIMITED PARTNERSHIP_2012_DECEMBER_US_3.pdf,ARTISAN PARTNERS LIMITED PARTNERSHIP,2012,DECEMBER
ARTISAN PARTNERS LIMITED PARTNERSHIP_2012_DECEMBER_US.pdf,ARTISAN PARTNERS LIMITED PARTNERSHIP,2012,DECEMBER
ARTISAN PARTNERS LIMITED PARTNERSHIP_2015_JANUARY_US.pdf,ARTISAN PARTNERS LIMITED PARTNERSHIP,2015,JANUARY
PUTNAM FUNDS TRUST_NILL_NILL_US.pdf,PUTNAM FUNDS TRUST,NILL,NILL
PUTNAM INVESTMENTS_2007_OCTOBER_US.pdf,PUTNAM INVESTMENTS,2007,OCTOBER
PUTNAM INVESTMENTS_2014_JANUARY_US_1.pdf,PUTNAM INVESTMENTS,2014,JANUARY
PUTNAM INVESTMENTS_2014_JANUARY_US_2.pdf,PUTNAM INVESTMENTS,2014,JANUARY
PUTNAM INVESTMENTS_2014_JANUARY_US_3.pdf,PUTNAM INVESTMENTS,2014,JANUARY
PUTNAM INVESTMENTS_2014_JANUARY_US_4.pdf,PUTNAM INVESTMENTS,2014,JANUARY
PUTNAM INVESTMENTS_2014_JANUARY_US.pdf,PUTNAM INVESTMENTS,2014,JANUARY
PUTNAM INVESTMENTS_2015_FEBRUARY_US_1.pdf,PUTNAM INVESTMENTS,2015,FEBRUARY
PUTNAM INVESTMENTS_2015_FEBRUARY_US_2.pdf,PUTNAM INVESTMENTS,2015,FEBRUARY
PUTNAM INVESTMENTS_2015_FEBRUARY_US.pdf,PUTNAM INVESTMENTS,2015,FEBRUARY
PUTNAM INVESTMENTS LIMITED_NILL_NILL_US.pdf,PUTNAM INVESTMENTS LIMITED,NILL,NILL
PUTNAM INVESTMENTS _NILL_NILL_US.pdf,PUTNAM INVESTMENTS ,NILL,NILL
PUTNAM INVESTMENTS TRUST_2007_JANUARY_US_1.pdf,PUTNAM INVESTMENTS TRUST,2007,JANUARY
PUTNAM INVESTMENTS TRUST_2007_JANUARY_US.pdf,PUTNAM INVESTMENTS TRUST,2007,JANUARY
PUTNAM INVESTMENTS TRUST_NILL_NILL_US_1.pdf,PUTNAM INVESTMENTS TRUST,NILL,NILL
PUTNAM INVESTMENTS TRUST_NILL_NILL_US.pdf,PUTNAM INVESTMENTS TRUST,NILL,NILL
PUTNAM NEW FLAG EURO HIGH YIELD FUND PLC_2013_JULY_US.pdf,PUTNAM NEW FLAG EURO HIGH YIELD FUND PLC,2013,JULY
ARES CENTER STREET PARTNERSHIP L.P._NILL_NILL_US.pdf,ARES CENTER STREET PARTNERSHIP L.P.,NILL,NILL
ARES CLOSED END FUND SERIES_NILL_NILL_US_1.pdf,ARES CLOSED END FUND SERIES,NILL,NILL
ARES CLOSED END FUND SERIES_NILL_NILL_US.pdf,ARES CLOSED END FUND SERIES,NILL,NILL
ARES CLO XXVIII_2013_OCTOBER_US.pdf,ARES CLO XXVIII,2013,OCTOBER
"ARES ENHANCED LOAN INVESTMENT STRATEGY IR, LTD_NILL_NILL_US.pdf","ARES ENHANCED LOAN INVESTMENT STRATEGY IR, LTD",NILL,NILL
ARES MANAGEMENT LLC_2008_JULY_US.pdf,ARES MANAGEMENT LLC,2008,JULY
ARES MANAGEMENT LLC_2015_JANUARY_US.pdf,ARES MANAGEMENT LLC,2015,JANUARY
ARES MANAGEMENT LLC_NILL_NILL_US.pdf,ARES MANAGEMENT LLC,NILL,NILL
KAISER PERMANENTE GROUP OF COMPANIES_2014_JANUARY_US.pdf,KAISER PERMANENTE GROUP OF COMPANIES,2014,JANUARY
HARBOR FUNDS_2013_JANUARY_US.pdf,HARBOR FUNDS,2013,JANUARY
"WISDOMTREE ASSET MANAGEMENT, INC._NILL_NILL_US.pdf","WISDOMTREE ASSET MANAGEMENT, INC.",NILL,NILL
WISDOMTREE FUNDS_2013_SEPTEMBER_US_1.pdf,WISDOMTREE FUNDS,2013,SEPTEMBER
WISDOMTREE FUNDS_2013_SEPTEMBER_US_2.pdf,WISDOMTREE FUNDS,2013,SEPTEMBER
WISDOMTREE FUNDS_2013_SEPTEMBER_US.pdf,WISDOMTREE FUNDS,2013,SEPTEMBER
NIPPON LIFE INSURANCE COMPANY_2008_OCTOBER_US.pdf,NIPPON LIFE INSURANCE COMPANY,2008,OCTOBER
BARON EMERGING MARKET CAYMAN FUND LTD._NILL_NILL_US_1.pdf,BARON EMERGING MARKET CAYMAN FUND LTD.,NILL,NILL
BARON EMERGING MARKET CAYMAN FUND LTD._NILL_NILL_US.pdf,BARON EMERGING MARKET CAYMAN FUND LTD.,NILL,NILL
BARON FUNDS_2015_SEPTEMBER_US.pdf,BARON FUNDS,2015,SEPTEMBER
"BARON FUNDS, INC._2012_JANUARY_US_1.pdf","BARON FUNDS, INC.",2012,JANUARY
"BARON FUNDS, INC._2012_JANUARY_US.pdf","BARON FUNDS, INC.",2012,JANUARY
BARON INVESTMENT FUNDS TRUST_2016_JANUARY_US.pdf,BARON INVESTMENT FUNDS TRUST,2016,JANUARY
BARON INVESTMENT FUNDS TRUST_NILL_NILL_US_1.pdf,BARON INVESTMENT FUNDS TRUST,NILL,NILL
BARON INVESTMENT FUNDS TRUST_NILL_NILL_US.pdf,BARON INVESTMENT FUNDS TRUST,NILL,NILL
PLATINUM UNDERWRITERS HOLDINGS LTD_2005_JANUARY_US.pdf,PLATINUM UNDERWRITERS HOLDINGS LTD,2005,JANUARY
WILLIAM BLAIR _2012_OCTOBER_US.pdf,WILLIAM BLAIR ,2012,OCTOBER
WILLIAM BLAIR DYNAMIC DIVERSIFIED ALLOCATION FUND_2012_DECEMBER_US_1.pdf,WILLIAM BLAIR DYNAMIC DIVERSIFIED ALLOCATION FUND,2012,DECEMBER
WILLIAM BLAIR DYNAMIC DIVERSIFIED ALLOCATION FUND_2012_DECEMBER_US.pdf,WILLIAM BLAIR DYNAMIC DIVERSIFIED ALLOCATION FUND,2012,DECEMBER
WILLIAM BLAIR FUNDS_1999_OCTOBER_US.pdf,WILLIAM BLAIR FUNDS,1999,OCTOBER
WILLIAM BLAIR FUNDS_NILL_NILL_US_1.pdf,WILLIAM BLAIR FUNDS,NILL,NILL
WILLIAM BLAIR FUNDS_NILL_NILL_US.pdf,WILLIAM BLAIR FUNDS,NILL,NILL
"WILLIAM BLAIR GLOBAL OPPORTUNITY FUND, LLC_2015_FEBRUARY_US.pdf","WILLIAM BLAIR GLOBAL OPPORTUNITY FUND, LLC",2015,FEBRUARY
"WILLIAM BLAIR INVESTMENT MANAGEMENT, LLC_NILL_NILL_US_1.pdf","WILLIAM BLAIR INVESTMENT MANAGEMENT, LLC",NILL,NILL
"WILLIAM BLAIR INVESTMENT MANAGEMENT, LLC_NILL_NILL_US.pdf","WILLIAM BLAIR INVESTMENT MANAGEMENT, LLC",NILL,NILL
"WILLIAM BLAIR JAPAN FUND, LLC_2014_JANUARY_US.pdf","WILLIAM BLAIR JAPAN FUND, LLC",2014,JANUARY
"WILLIAM BLAIR MACRO ALLOCATION FUND, LLC_2014_FEBRUARY_US.pdf","WILLIAM BLAIR MACRO ALLOCATION FUND, LLC",2014,FEBRUARY
WILLIAM BLAIR MACRO ALLOCATION FUND_NILL_NILL_US.pdf,WILLIAM BLAIR MACRO ALLOCATION FUND,NILL,NILL
"WILLIAM BLAIR MACRO ALLOCATION TE FUND,LP_NILL_NILL_US.pdf","WILLIAM BLAIR MACRO ALLOCATION TE FUND,LP",NILL,NILL
"WILLIAM BLAIR MULTI-ALPHA STRATEGY FUND, LLC_NILL_NILL_US.pdf","WILLIAM BLAIR MULTI-ALPHA STRATEGY FUND, LLC",NILL,NILL
"WILLIAM M. WALSH & PATRICIA L. WALSH, JTWROS_NILL_NILL_US.pdf","WILLIAM M. WALSH & PATRICIA L. WALSH, JTWROS",NILL,NILL
"HARBOR CAPITAL ADVISORS, INC._NILL_NILL_US.pdf","HARBOR CAPITAL ADVISORS, INC.",NILL,NILL
HARBOR FUNDS_2013_JANUARY_US_1.pdf,HARBOR FUNDS,2013,JANUARY
"BNP PARIBAS PRIME BROKERAGE, INC._2013_DECEMBER_US.pdf","BNP PARIBAS PRIME BROKERAGE, INC.",2013,DECEMBER
"BNP PARIBAS PRIME BROKERAGE, INC._2013_MAY_US.pdf","BNP PARIBAS PRIME BROKERAGE, INC.",2013,MAY
ARROWSTREET ACWI ALPHA EXTENSION FUND III (CAYMAN) LIMITED_2017_JULY_US.pdf,ARROWSTREET ACWI ALPHA EXTENSION FUND III (CAYMAN) LIMITED,2017,JULY
ARROWSTREET CAPITAL GLOBAL ALL COUNTRY ALPHA EXTENSION (CAYMAN) FUND LIMITED_2017_FEBRUARY_US_1.pdf,ARROWSTREET CAPITAL GLOBAL ALL COUNTRY ALPHA EXTENSION (CAYMAN) FUND LIMITED,2017,FEBRUARY
ARROWSTREET CAPITAL GLOBAL ALL COUNTRY ALPHA EXTENSION (CAYMAN) FUND LIMITED_2017_FEBRUARY_US.pdf,ARROWSTREET CAPITAL GLOBAL ALL COUNTRY ALPHA EXTENSION (CAYMAN) FUND LIMITED,2017,FEBRUARY
ARROWSTREET CAPITAL GLOBAL EQUITY ALPHA EXTENSION FUND LIMITED_2017_FEBRUARY_US.pdf,ARROWSTREET CAPITAL GLOBAL EQUITY ALPHA EXTENSION FUND LIMITED,2017,FEBRUARY
ARROWSTREET CAPITAL GLOBAL EQUITY LONGSHORT FUND LIMITED_2017_FEBRUARY_US.pdf,ARROWSTREET CAPITAL GLOBAL EQUITY LONGSHORT FUND LIMITED,2017,FEBRUARY
ARROWSTREET WORLD SMALL CAP EQUITY ALPHA EXTENSION FUND (CAYMAN) LIMITED_2017_FEBRUARY_US.pdf,ARROWSTREET WORLD SMALL CAP EQUITY ALPHA EXTENSION FUND (CAYMAN) LIMITED,2017,FEBRUARY
JEFFERIES FINANCE LLC_2012_JULY_US.pdf,JEFFERIES FINANCE LLC,2012,JULY
JEFFERIES FINANCE LLC_2013_OCTOBER_US.pdf,JEFFERIES FINANCE LLC,2013,OCTOBER
JEFFERIES FINANCE LLC_2013_SEPTEMBER_US.pdf,JEFFERIES FINANCE LLC,2013,SEPTEMBER
JEFFERIES FINANCE LLC_2014_APRIL_US_1.pdf,JEFFERIES FINANCE LLC,2014,APRIL
JEFFERIES FINANCE LLC_2014_APRIL_US.pdf,JEFFERIES FINANCE LLC,2014,APRIL
JEFFERIES FINANCE LLC_2014_JUNE_US.pdf,JEFFERIES FINANCE LLC,2014,JUNE
JEFFERIES FINANCE LLC_NILL_NILL_US_1.pdf,JEFFERIES FINANCE LLC,NILL,NILL
JEFFERIES FINANCE LLC_NILL_NILL_US.pdf,JEFFERIES FINANCE LLC,NILL,NILL
